-0.8342796107534878,0.10437853610932829,0.037828903594591935,1.47809065501322,-30.637608043009607,-0.6553643215745478,0.00025215121507488823,0.07512486765332006
-0.834363190146854,0.10440569060406311,0.0378425505635511,1.476271006471051,-0.09286857864445373,-0.6526037563012093,0.00041504442156802874,-0.055340858391463195
-0.8343844759979084,0.1044102963408485,0.03784038247381594,1.4758871547810957,-0.0864364806818195,-0.6206824896212861,-6.271770169619436e-05,-0.011103920375514513
-0.834408354560415,0.1044582715428711,0.037829209670869286,1.4756072592638239,-0.0896068988368369,-0.6415947327120013,-0.0003348473993394763,-0.008388430950833265
-0.834445333203586,0.1044523251691547,0.037833489298753735,1.475538548765715,-0.09241658645977008,-0.6602404647252221,0.00013167693603614172,-0.0021141062047366804
-0.8344670454608487,0.10449695349041754,0.037828556603559244,1.475055384414905,-0.0876546591006431,-0.6279961461542675,-0.00014469998198226965,-0.014173564369996033
-0.8344951783025767,0.10450670480998492,0.03784198193031812,1.4744453171449432,-0.09050755988909749,-0.6478835004906913,0.0004057635690268445,-0.018438513806938995
-0.8344993305058663,0.10450241661311749,0.03784226156480976,1.4741947348086584,-0.0879445526189928,-0.635024551573937,8.281573711208671e-06,-0.0074211735344557606
-0.8344865166543679,0.10450789829536941,0.0378342109532192,1.4742741875315686,-0.08854725270969548,-0.6427953078537822,-0.0002414919284997764,0.0023833209519941983
-0.834406413284358,0.1044632905566006,0.037881816104604005,1.4774525285901827,-0.08807719771543049,-0.6557816516036438,0.0014533950576178754,0.09703540586761067
-0.8342607740160702,0.10444595968957257,0.03786949992980692,1.4790165830921773,-0.08832697695953998,-0.6720692271712607,-0.00038505325505710857,0.048898646454927704
-0.8340789974525202,0.1045978342227234,0.03787572430400826,1.4761792308728041,-0.07768428554560909,-0.5939370380518041,0.0001731862674479792,-0.07894615979265646
-0.833891957797798,0.10484613988785553,0.03810069301973905,1.4731331713943172,-0.08482009008011862,-0.6459391510673187,0.006853249296470543,-0.0927924796571664
-0.8338126475179074,0.10526806304122771,0.03897371312757472,1.4725590480799806,-0.08537447949577838,-0.6194498558590388,0.025774987236380744,-0.01695037830894925
-0.8337463349875752,0.10596056797399464,0.04107029083408517,1.4769053806288424,-0.08840138541824072,-0.6279226696173531,0.06359789379440577,0.13184228515801033
-0.8335600894321802,0.10682238569355844,0.044861792319452885,1.4656017301596804,-0.08865244784006272,-0.6469472166768493,0.11911933866023812,-0.3551319638221037
-0.8336303061233791,0.108037873814382,0.050712222939417795,1.4575831576231653,-0.09285888443377119,-0.6060387292578947,0.17666674678890026,-0.24213860755525918
-0.8339890411828882,0.10947794346268142,0.059038784272622984,1.4567154851805402,-0.09885105373582527,-0.577596704928003,0.2437613789442948,-0.02540124579912756
-0.8346700059853194,0.11120737666337603,0.07102245538230789,1.4558225585708346,-0.1062805307801533,-0.5532801505183251,0.3411251846417751,-0.025417900059121385
-0.8357653609024563,0.11325467751504734,0.08666561345270576,1.4579354107768605,-0.1312837719319796,-0.5991419477312391,0.4901263111450637,0.06619919411885268
-0.8370384668969356,0.11549061846407466,0.10522572175620404,1.4574805037398642,-0.13273453736470905,-0.569660879333808,0.5567123491125852,-0.013644983157040763
-0.8383020842322598,0.11780751158662679,0.1262629465791547,1.4532223764241892,-0.1351044976004953,-0.5720845213651535,0.6355692568961692,-0.1286450487918131
-0.8395643213658363,0.12023940906698284,0.14923893428948615,1.4542915018863243,-0.13807968091311612,-0.5740710546747115,0.701952928138552,0.0326634814639879
-0.8405903403796383,0.122607538595033,0.17365076674804888,1.4532216179781845,-0.12281226981180983,-0.5338592464985044,0.6895194014687253,-0.030219186258703096
-0.841474350566563,0.12496914863925943,0.19907409863477574,1.4564058975105194,-0.13393228009508656,-0.5942108242933714,0.798584971222413,0.10002299423316002
-0.8420421146284282,0.12722403580012753,0.2251865781561156,1.4563946308759967,-0.1166324387990692,-0.554486556968307,0.7583838113511886,-0.0003272164645803888
-0.8423026087681776,0.1293709670860858,0.2517052523143246,1.4571366898161051,-0.11444529969621006,-0.5838703503185236,0.8058667528187684,0.022550170679636116
-0.8423754426464838,0.13152375480426728,0.2785682574255017,1.453391209113785,-0.10990656662897058,-0.5812616458223915,0.8122209772536765,-0.11324712122611384
-0.8423060311110573,0.13352682951643657,0.30579878373291336,1.45800849478226,-0.10579244866588441,-0.5777918543824521,0.8143502033372426,0.1380835419976916
-0.8420827775063672,0.13557876892817575,0.33296917072536075,1.4554507376688455,-0.10438136549132385,-0.5855596285037644,0.8227808072726669,-0.07745467383911808
-0.8418692625406136,0.1375661895818015,0.36006951092663886,1.4657826427231533,-0.10404141517801715,-0.575123692018804,0.8051697608202867,0.30696801071901647
-0.8416879824120129,0.1397701961018685,0.3872395846919894,1.460609368570865,-0.1096820429233737,-0.5854538744877743,0.82478839591601,-0.15704250663982602
-0.8413193076181393,0.14180746068608988,0.4138554377685443,1.4625640904223085,-0.10369232334706194,-0.5792919065009836,0.7959220752985703,0.0584541201124548
-0.8409848594397256,0.1437950303071628,0.4401803504463823,1.4653905197820025,-0.10576747328304824,-0.5777036718774542,0.7823090373691185,0.08399424752643213
-0.8407326201743597,0.14592247870620823,0.46600141204139056,1.4636819128806313,-0.11138747990990391,-0.5819745160009799,0.7773179399503602,-0.051435948590726664
-0.840331816818883,0.1480474229336605,0.4911918344865306,1.4578804430803902,-0.10750101794474085,-0.5762635318124899,0.752042794760903,-0.17319890413890363
-0.8398279123764336,0.14991645654966707,0.5155686332187056,1.4594753289587832,-0.10453944254738515,-0.575609429385778,0.7209393770116428,0.04716845900096148
-0.8394280775831432,0.1518577138979704,0.5391867328714172,1.4605377716350156,-0.11311469333307382,-0.5945521540619606,0.723808021128055,0.03255996639668342
-0.8389652419223474,0.1538266247527692,0.5620718809106059,1.457919376721055,-0.11018573820008588,-0.5801174837364761,0.685129795980496,-0.07838884721769207
-0.8384625731077778,0.1557322822129848,0.5839357724235414,1.4526978024767065,-0.11054359905902816,-0.5820346262809549,0.6562897739326721,-0.15673631468435656
-0.8380422305117509,0.15754005837267793,0.6048462789706981,1.4615225346284078,-0.11380409186688606,-0.5813836522433135,0.6266968972558667,0.26448102756923647
-0.8375674162222881,0.15934738324576864,0.6246718408985554,1.4599472604896702,-0.1129705327480082,-0.5777701567579334,0.5869285329256342,-0.04663541656823399
-0.8372400390250371,0.16123613216271038,0.6439811838414793,1.4594375900845102,-0.12201945476565125,-0.5911208127109482,0.5883835108464576,-0.01553039185481075
-0.8368624133428113,0.163026434351738,0.6617978548809403,1.4666409574799772,-0.12211203694264813,-0.5946451224370197,0.5438353200551791,0.21987528446320484
-0.8365266651642363,0.164901565930169,0.6790838572742497,1.4592886055116596,-0.12067022444893008,-0.5721079172398674,0.5073888943167829,-0.21581055301001326
-0.8362498647204751,0.166691205704099,0.6952723325040954,1.4589457140143347,-0.12554231343249883,-0.5825239911635045,0.4845828200510963,-0.010264050590688916
-0.8360404341641265,0.16855898233993077,0.7102482052475864,1.4621108386667303,-0.13111325595502357,-0.5898232727487305,0.45602867644167666,0.09638086746111219
-0.8359062986969564,0.17050025481352932,0.7247030438725447,1.4598770800749221,-0.1378089414712072,-0.6002922963307847,0.44875151232060434,-0.06934719731165158
-0.8358070992527883,0.17249555106238107,0.7379181753537629,1.4581986326885306,-0.13252809892482764,-0.5647968263586768,0.3878205167842067,-0.049256894167917044
-0.8357828277928817,0.17449039203848454,0.7503729225711473,1.461359056067298,-0.13879002042650251,-0.5753558362428394,0.37286336698844663,0.09461501558790399
-0.8358249343763986,0.1767595310071795,0.7623635375258417,1.4569881068662915,-0.14068965259916782,-0.5607845821221711,0.35411000829515366,-0.12908402643853642
-0.8358500784052486,0.17902746734973232,0.7729831273633169,1.4618641910091812,-0.14859715765578999,-0.5871919931060922,0.3294622558014938,0.15127568067885644
-0.8358923613692921,0.18142041216097782,0.7835654895177652,1.4576318858942876,-0.144637158810383,-0.5591780280215379,0.3135451538887009,-0.12539910647410915
-0.836064971590587,0.1839662746729469,0.793142027022954,1.4566615913573628,-0.14591357138145547,-0.5382634889670496,0.27626350878087946,-0.027991011696713305
-0.8361073170554826,0.18660511974626834,0.8020027809171117,1.4532496802363568,-0.15468490206056767,-0.5752944404758293,0.2747239133751304,-0.10578485605710437
-0.8361625475023652,0.1892726366936887,0.8103111352123484,1.455276894712752,-0.14976147713690885,-0.5472284705315842,0.24606359593805913,0.06003880745497927
-0.8362329786457485,0.19201722790530795,0.8180756700446318,1.4574841822090685,-0.1582459977540831,-0.5666357063430679,0.23872183385641635,0.06786339817527504
-0.8362879058574513,0.19483653037466173,0.8249431243912795,1.4596936845759256,-0.15501214325476,-0.5471602228597661,0.20434732434144692,0.06574574420196148
-0.8364168672744263,0.19759130611627887,0.8317175008416403,1.466085544475094,-0.1619651641540389,-0.5582090091689527,0.2045683749117695,0.1930173798013439
-0.8366425291075694,0.2005244602135629,0.8379885258496966,1.4634117350999234,-0.16287631291235086,-0.5395723311735068,0.1838744160648985,-0.07839948603246387
-0.8367960566820136,0.20348897663244706,0.8442663893879074,1.4571998123269096,-0.1681533158189183,-0.5558131201382795,0.1902911380754929,-0.1882923779593255
-0.8370300309271617,0.2064255081151191,0.8497914763386575,1.457391500378828,-0.16972035127944823,-0.546201097736559,0.1651101665156905,0.005728352594888265
-0.8373513269887258,0.20930106473022866,0.854713680575701,1.460971040693052,-0.17740639376573944,-0.5571111995373651,0.1494696336901957,0.10869776095835477
-0.8375932654976954,0.21230285036452343,0.8595384399969301,1.4603019725192405,-0.172230743856089,-0.5381189395958692,0.14203484290572782,-0.019696524668649767
-0.8378400690060734,0.21537367168781824,0.8643609847957994,1.4563152892809832,-0.18233077121406108,-0.5598473653984706,0.14829893549166115,-0.12259520751671193
-0.8380593392250595,0.21834983759126073,0.8682186056437552,1.4632351168478361,-0.176560119602777,-0.5402517831447639,0.11421047132750665,0.20487155142116728
-0.8382988217439262,0.22153397032083796,0.8722589277231199,1.4609921286019758,-0.17950427187147727,-0.5349640477978802,0.1191201870911921,-0.06612967338788052
-0.8385074135765822,0.22485498139176566,0.8762270738524417,1.4574877710605945,-0.18714260666562885,-0.5489793636529462,0.12115488994704361,-0.10699456079096277
-0.8385389495080209,0.2281585461073304,0.8797873365534558,1.4517757831263312,-0.17944760143618713,-0.5349205299331523,0.106090194655304,-0.17020820167066342
-0.8386271528990179,0.2314557995178534,0.8829847642632347,1.456704725508447,-0.18101113374601818,-0.5271282491262208,0.09429453997582976,0.14535820561870566
-0.8385814126834619,0.2347997616954975,0.8860427993104714,1.4596001723575038,-0.18899097742068954,-0.5537537463252413,0.09460092439439316,0.08957122604043236
-0.8384493271194537,0.2382615413265647,0.8889482820587356,1.4597988017905088,-0.18088667703737762,-0.5266991657143874,0.08586450923373848,0.005870012064100812
-0.8382867617368395,0.24188056199371646,0.8917588650678898,1.459783282752807,-0.18987099031341848,-0.5427397645100759,0.08635924918663285,-0.00047684499609575897
-0.8380864002245697,0.24543165408203965,0.8943702915749607,1.4583797341914229,-0.18167941698067083,-0.5166209618931403,0.0761095965629295,-0.04090619225706054
-0.8377778187462863,0.24916493609451523,0.896784651808657,1.457006791981813,-0.18808166788769626,-0.5305987868237172,0.07313148562518071,-0.0415867119019642
-0.8373916990252689,0.2528083112232723,0.8989821485217655,1.4596790254353582,-0.1879700787444379,-0.5311961314725718,0.06640660762020627,0.0807527753559821
-0.8369888057959115,0.25658809245844,0.9010982974484927,1.4564416368506554,-0.19115636784301002,-0.5293281543170809,0.06411982214265181,-0.09809365382371145
-0.8365039212945523,0.260328691112627,0.9026224700821358,1.4628917082422073,-0.1836544774696935,-0.5081190099539074,0.04438115993339294,0.18781445335757854
-0.8360296069676174,0.26425804255171703,0.9043881061613007,1.4617157962511351,-0.19573851691490518,-0.5267163924574398,0.053628501105971435,-0.0357165319954064
-0.8355026281436175,0.26819654027409023,0.9062887124912975,1.4579474739946021,-0.19783112254590932,-0.5277238022235278,0.0579706417467381,-0.11493808900452568
-0.8349077581620441,0.27219236147950665,0.9076923287312935,1.4575481664768717,-0.19037148057368475,-0.5030739396751177,0.04111281458938434,-0.011695971785454442
-0.8342446151970794,0.27614221200440414,0.9087981795366298,1.4621263922173164,-0.2011888431622183,-0.5298556897834226,0.03406829752402561,0.14104285669004796
-0.8335649988892808,0.28024486552649747,0.9098698249300039,1.4592785342498018,-0.19770370415042302,-0.5091186846295482,0.03191704497179428,-0.08481836565009604
-0.832867599009652,0.2843479577451291,0.9106342779019011,1.4616316788987092,-0.1961454680697541,-0.49794942694498306,0.022347047758687098,0.06878884350691347
-0.83208698395162,0.28854704988782326,0.9113964805038628,1.456906874103804,-0.21181122858759938,-0.5324904113189415,0.02394095186228818,-0.1484071608551355
-0.8312846054235133,0.29266552933236734,0.9119758769768465,1.461132456256236,-0.1981082171489046,-0.4934291074432873,0.016872582137087797,0.12305301338265301
-0.8304755633430663,0.2968950616388967,0.9123003369437912,1.4575899740816427,-0.21261073032898145,-0.5180894602038743,0.009963166341160385,-0.10877871775188551
-0.829620828630643,0.301131397325021,0.912436984688008,1.4588894386627282,-0.20853780326349305,-0.5026986248832402,0.004090696725462047,0.03890086541249515
-0.8287067228811227,0.3053755805237023,0.9124743959290377,1.461265847590265,-0.208899314363805,-0.4992289194798539,0.0011130324465902098,0.07070121626332074
-0.8277125101782735,0.30972365484503595,0.91200822658947,1.458682534186574,-0.20982627236138127,-0.49571218377643655,-0.013849434669050956,-0.07674771199513607
-0.8267936465949149,0.3141187582450385,0.9120482242553628,1.4552153335814655,-0.2162340242123345,-0.4954640239888454,0.0011956324552683817,-0.10364348718508863
-0.8257409955603594,0.3184660383472172,0.9115655195155832,1.4573387496474228,-0.21559139640167235,-0.4961142943556752,-0.014471374594392575,0.06365951435291255
-0.8246793316062689,0.3228787366756947,0.9108635803250378,1.456312093708008,-0.21923022453129484,-0.49474212835513426,-0.021066299513443295,-0.03081156004434257
-0.8235682935193144,0.3273277498689919,0.9102118965080591,1.4542599973425625,-0.22322867993023843,-0.4975023992526366,-0.0197623221374486,-0.06222985499170432
-0.822425973289862,0.33176008819878694,0.9092987872794571,1.4581727284769617,-0.22373317375869142,-0.4927285634090772,-0.02749505475233544,0.11781805878381371
-0.8212585685713555,0.3362227497694088,0.9082008927691531,1.4603159510630803,-0.22129429819091123,-0.48002504065208784,-0.03221706074600064,0.0628915907686451
-0.8199770807151179,0.34075545687254644,0.9067128689941685,1.4602119491148036,-0.23450162447518771,-0.5056369940413419,-0.046194903833078296,-0.0032286849712110733
-0.8187494514805498,0.3452607254459057,0.9053132609967031,1.4620849125169404,-0.22717932205877245,-0.4789321702610847,-0.04117593992211134,0.055101877570262414
-0.8175024828904083,0.3498504265070862,0.9042813280240714,1.4585634745718488,-0.23796128034196942,-0.49204683531341326,-0.03136517755976414,-0.10703265555301623
-0.8161912026972834,0.35435999284623626,0.9026931009891561,1.4594115093687174,-0.21604851852375687,-0.4449744668657506,-0.0436630562347673,0.023313915586818373
-0.8148578984344033,0.35890917857807686,0.9011577275507695,1.4575452624628988,-0.24826146192209625,-0.5030791093315049,-0.04790682608218947,-0.058230762437459435
-0.8136137815596298,0.36350559451247727,0.8990846302966278,1.4614774601968612,-0.2471564335539233,-0.4857206349774667,-0.06287768834674595,0.11926478757323289
-0.8122174146041419,0.3680428270155005,0.8971570141882675,1.4638129131821627,-0.24599071486909604,-0.4864416728630881,-0.05825647493004599,0.07058213391060236
-0.8108458888705573,0.37270255297590904,0.8953274006812333,1.4620821877921149,-0.2425974048394875,-0.4670024055301682,-0.053506698524624384,-0.05061473437868952
-0.8094258055211274,0.3773366113060678,0.8936291212098606,1.4605755020799291,-0.2721585872437812,-0.5191178312504505,-0.05532992553298541,-0.04908780307487673
-0.8080275969946451,0.3819095398739203,0.8912832884679567,1.4609882556024942,-0.25029402201551465,-0.4702119659169825,-0.06921676974299566,0.01217881608592893
-0.8066160931339109,0.38664510098436955,0.8897094391145338,1.458918776479163,-0.25857084970842925,-0.4739412801437941,-0.04738358857205771,-0.062305421497382545
-0.8051682313517176,0.39123660448605113,0.8875187894898998,1.4599896097225729,-0.2561661317521655,-0.4680804349033962,-0.06481770528430453,0.031684187557642234
-0.8036318911988305,0.3959281066969378,0.8853899834582912,1.459017826265249,-0.25638176054628165,-0.46291149881681587,-0.06278238520271585,-0.02865967234470783
-0.8021133761643429,0.40066073665070184,0.8832442050470114,1.4589232818207796,-0.2638624542550594,-0.4665610090165392,-0.06417125395802967,-0.002827428743093384
-0.8006135093760733,0.4052872410858924,0.8807328991582652,1.459010511116622,-0.27397792525580345,-0.4789644250982329,-0.07678120446341188,0.0026669671859946746
-0.7990670135451957,0.4100059837486866,0.8788790860906031,1.4589255247279478,-0.26742254263971615,-0.459942438577734,-0.05488588292407324,-0.0025161938171026424
-0.7974718461885363,0.41467810542923816,0.8763247320119902,1.4586388312791707,-0.27467361607438723,-0.4689004518254313,-0.07707720072242223,-0.008650926150846922
-0.7958335992547826,0.4193901047183987,0.8740880509479492,1.4575840105291527,-0.2722423090927632,-0.458493557046396,-0.06636055946282438,-0.031295698000736144
-0.794198830004102,0.4240955869757635,0.8722315278592608,1.4623671645896834,-0.2863380227941589,-0.4746971662559273,-0.05721764011893642,0.14741577378509133
-0.7925378480760665,0.4287153786183643,0.8697013062978117,1.464067306724324,-0.2771032673150466,-0.45622235078108186,-0.07442425704914273,0.05000819579456046
-0.7909411963686892,0.4335139496992399,0.8675619692740938,1.4621719546166694,-0.2892926327728835,-0.46063016085232794,-0.06436250762188774,-0.05702215832411177
-0.7892307920198477,0.43834195766885425,0.8657600918134072,1.4599162773579126,-0.28604022747097896,-0.45286287013289267,-0.05363771843821369,-0.06714628732109956
-0.7875253652650509,0.4430231819652287,0.8632661924095384,1.4606995188199479,-0.29301213671390514,-0.4608096339984542,-0.0751896747770311,0.023614292826309172
-0.7858101441808182,0.4478376971441781,0.8614913414362593,1.459804966688943,-0.3096777181094765,-0.4760319234601458,-0.05589150573901604,-0.028170176717166387
-0.7841255088798378,0.4525907930897612,0.8595296971145358,1.461794874287301,-0.28914578146342623,-0.43810936656058475,-0.056837431775790946,0.05765634274741067
-0.7823654302290322,0.4574063202672388,0.8574374114579968,1.4601020425769382,-0.30333940879381827,-0.4543810573269177,-0.06320896170250098,-0.05114126477648622
-0.7805005097487008,0.4622612261277953,0.8557203214116086,1.4546451178424695,-0.29354653862583596,-0.43639199864763,-0.05018278776188125,-0.15948126678528945
-0.7788050852548494,0.46694839977398656,0.8533701677329661,1.4620399617169768,-0.31214370105823636,-0.4542933045059346,-0.07128494166596094,0.22430065702241292
-0.7770021957514194,0.47183031582910495,0.8515783764004577,1.459203973358999,-0.304694862060731,-0.436169869051566,-0.05267408040271898,-0.0833708010966723
-0.7751431691173507,0.4765651670738187,0.8497200656524487,1.4623816845705944,-0.31691571611751695,-0.4536439040346372,-0.05658316477462498,0.09675720666444858
-0.7733578846149155,0.48146843204868234,0.8483767450159506,1.4618447297359665,-0.3215446139911583,-0.445396777443224,-0.040636062939890444,-0.01624312905122893
-0.7713898218096631,0.4862522311819274,0.8463953136084017,1.4595065755462708,-0.3233005320312156,-0.4524899699979447,-0.06062540003513479,-0.07153996477196975
-0.7696695890826163,0.49119932121081483,0.844724295960952,1.459937652157141,-0.3232728192164232,-0.43071506186083214,-0.04949065142869359,0.012767227395951224
-0.7678831788745893,0.49607823475550195,0.8430892045977474,1.4595236774791944,-0.32943205155655003,-0.4372518707602768,-0.04906558283113271,-0.012422491677143802
-0.7659928128867723,0.5009511913757572,0.8415575398796947,1.4595099644637397,-0.3250290797404185,-0.4294007237283436,-0.04528149475752442,-0.0004054058503170256
-0.7640519150640915,0.505804279403613,0.8403249201793282,1.4668013697745628,-0.3418404545026629,-0.4477098671817948,-0.03807318714607467,0.22521710376226522
-0.7621992582884913,0.5107786186228448,0.8385093848854633,1.4590310209110564,-0.3190777490173449,-0.40549816138683853,-0.05106124448317706,-0.21853812722882668
-0.7601829193975045,0.5156662001080108,0.837418510128128,1.460034810559251,-0.3599705730439095,-0.4598520972441191,-0.034947715205743635,0.03215782060744556
-0.7584648981681733,0.5205538855377867,0.8356182331375659,1.4627621079679138,-0.3510265243292124,-0.43064144573955676,-0.05416155767784916,0.08205108251581716
-0.7563837839214056,0.5255916342359528,0.8348239133492954,1.4640552711807824,-0.3337167513672852,-0.41237345150914584,-0.023142101293874093,0.037675649661046216
-0.7545141479069553,0.5304637979933343,0.8332028243499774,1.461402389145608,-0.35962069345779313,-0.4350312601666574,-0.049379531943620325,-0.0808086867862641
-0.7525274632388895,0.5353302420632597,0.8317850995918594,1.4605754568798022,-0.35688473112913943,-0.4300439331297952,-0.042924066998946686,-0.025036803355372363
-0.7505908923081078,0.5402955979061826,0.8306089548563553,1.4604713849164035,-0.34642891646710544,-0.4069720750468259,-0.0340877064252692,-0.003016273787013977
-0.7485386209834449,0.5451937824773743,0.8295703715730771,1.462831150212246,-0.3731469058735508,-0.43848513486779545,-0.03239733545495363,0.0736099926845126
-0.7465589198890704,0.5501316312104467,0.8280952549397501,1.4585761153628454,-0.36501080004305264,-0.41928204762862853,-0.044198376993942017,-0.12749204377961812
-0.7446402321822272,0.5550658655813032,0.8270102718542216,1.4606811755277846,-0.3660356032970285,-0.41248540305638604,-0.03221893052710822,0.06251045579804956
-0.742691308431426,0.5600644554445846,0.8259725687709963,1.45897424219291,-0.3778167648509067,-0.41912716426151075,-0.03151065471838118,-0.05183234762621973
-0.7406969886833326,0.5649079741690999,0.8245434168874161,1.4619447438976862,-0.36048760634398014,-0.40021781779678517,-0.04119443568094031,0.08562290881986384
-0.7386999187258583,0.5698753100751791,0.8237473945781437,1.4628014091863835,-0.39158782413961774,-0.4253011585348934,-0.024628622058623983,0.026504892363321132
-0.7366093447291979,0.574791060315121,0.8222079254064125,1.4565092978099734,-0.3734310380568819,-0.4045489858825018,-0.04527407751245504,-0.18504400309117003
-0.7346213625435833,0.5796387468477,0.8210623245916029,1.4605268933330406,-0.39509123095418247,-0.4205817745140166,-0.03519534415358877,0.12342925675010617
-0.7325675730550512,0.5846685099561475,0.8199917965531782,1.4573850258670695,-0.3771436150133807,-0.3930713965541691,-0.031155769570707075,-0.09143833255926974
-0.7306094830411126,0.5895616391196444,0.8188697569907903,1.4587319657679767,-0.40465869278964905,-0.41698212942484125,-0.03453060323415022,0.04145187822030911
-0.7285056245246263,0.5944386011725509,0.8178330638660303,1.4601827553047075,-0.3829438197141711,-0.3942998213714315,-0.030209636356851303,0.04227656505883238
-0.7265265501815323,0.5993169853271612,0.8167972028093361,1.4640896455038301,-0.4119430057949353,-0.41462960098265206,-0.03183230412576111,0.12005984412747671
-0.7244786197501969,0.6041768347393633,0.8156874436844082,1.4632272476780073,-0.4102411075593426,-0.4104080799375524,-0.03371850528144716,-0.026202772287729565
-0.7223066942739246,0.6090256422357513,0.8147283823603854,1.4606721351736278,-0.40334445302605954,-0.40220303071743785,-0.02867082609277716,-0.07638425659087748
-0.7201870623661756,0.6139170040561652,0.8138259672431121,1.4588554261505715,-0.3952757004628347,-0.3860973191085234,-0.0261519713376788,-0.05264818971941342
-0.7180879393540662,0.6187526100324797,0.8129045422285154,1.4580291559175325,-0.4237456358568869,-0.409480018751909,-0.02836731026233288,-0.025437842135649213
-0.7160522827946362,0.6236380756488502,0.8121697490304559,1.459379944662276,-0.42223014796912406,-0.39936071090473696,-0.022254970238683103,0.040911869342836894
-0.713955481581881,0.6284206302708253,0.8116088889516425,1.4628424350718598,-0.4179290465209754,-0.39507214239225896,-0.01672083498188621,0.10322669227502383
-0.7118127915589918,0.6333027230098137,0.811440236457126,1.4644225985101254,-0.414188245957367,-0.3850773737725317,-0.004942705889272972,0.04630991764883612
-0.7096643367250987,0.6380836900445328,0.8105386999973226,1.460202190892716,-0.44438447476291243,-0.4112032314311006,-0.02807715719935527,-0.13143899709302684
-0.7075194840272111,0.6429735078188017,0.8100591044061741,1.4610264374024036,-0.41413878941510146,-0.37491883742393933,-0.013845284599384576,0.023794896611421684
-0.7054260111205597,0.6478467992856415,0.8097459550651622,1.4616024173348146,-0.4510281589821635,-0.40219749476778066,-0.009720246315002262,0.01787858405654579
-0.7032745648546797,0.6526600755885168,0.8094964544108396,1.4626287334929897,-0.4306171403242368,-0.38244846411324646,-0.007357491566187326,0.030264900501029614
-0.7011684927789797,0.657548977812177,0.8092303398888301,1.4622207514813779,-0.44616450036281424,-0.38783106712155585,-0.008032038327408904,-0.012313973432995947
-0.6989741738280777,0.6624687863752602,0.8091141323410533,1.4619253071819613,-0.45001911135342354,-0.3875933776139526,-0.0035303378279457212,-0.008975477120340554
-0.6967599262216158,0.6672951832099395,0.8089339516269745,1.4610610053642084,-0.4501682028650452,-0.386060872274136,-0.005438405460250973,-0.026087274373409866
-0.6947705303209122,0.6721300433620708,0.8087627098712799,1.4636420110767185,-0.45553480490071735,-0.37973960845452115,-0.005114671854919198,0.0770898267283842
-0.6926429734658992,0.6770260178502926,0.8087799350603071,1.4608662144620908,-0.4604102575697661,-0.3809133735853837,0.0005194614990142674,-0.08370993596136221
-0.690487440154961,0.6818767533295202,0.8087617591939477,1.4604874401039187,-0.46003148851615205,-0.3777396407308269,-0.0005454387442500306,-0.011366622431627919
-0.6884369038405187,0.6866804798826568,0.8089613453865024,1.4672952818735416,-0.4558018894606088,-0.3684828808645897,0.005849090657118682,0.1995112145792077
-0.6863017682033303,0.6913932403868265,0.8087952220315073,1.46227986056276,-0.4697029824652313,-0.3802948857116938,-0.004978230420919788,-0.15029748793478026
-0.6842593267784935,0.6963922766911476,0.8089073801934447,1.4598479139071738,-0.4802799803435911,-0.37298650378676135,0.0034040233732198504,-0.07381008314548977
-0.6822195024868152,0.7012074767487259,0.8091388242661507,1.4620805517495998,-0.4821289444718441,-0.37517156935776175,0.007007475549764326,0.06759799423401243
-0.6801486189164934,0.7059369311759691,0.8093054841153253,1.4624488335809402,-0.4806860660559712,-0.3730161476695509,0.004993589891145364,0.011034741956036152
-0.6780764931334698,0.7108026876155691,0.8093608925731172,1.4602425278051574,-0.4798478123277337,-0.3639896481397152,0.0016446444434667494,-0.06548799008920081
-0.6760946624529967,0.7156126782399247,0.809660789949154,1.4630571747041994,-0.480263150429776,-0.35945777824418007,0.008808097342012563,0.08266722502803206
-0.6740493843453729,0.7202916375295044,0.8099574494770541,1.461964522200931,-0.5121630949368468,-0.38459675481828093,0.009238359135135302,-0.03402660385308633
-0.6720867638650213,0.7249892435146563,0.810141097345906,1.462658770748258,-0.5000970598718846,-0.36875298003896284,0.0055213838432706065,0.020872622897220958
-0.6701876057247086,0.7298479724227308,0.8103986847408351,1.4602676650739321,-0.5029275185717907,-0.3604938135451445,0.0076994937493279954,-0.0714720656207646
-0.6683248232000362,0.7345005103322386,0.8107071310774642,1.4624919931677456,-0.512233708139729,-0.3682749552287848,0.009319074007773482,0.06720351536787651
-0.666413272375265,0.7392389918260728,0.8110113141874957,1.4611471759643624,-0.4958767009457028,-0.3512681191617815,0.008845482905462006,-0.039106568350436584
-0.6645922423074072,0.7439633469229481,0.8112324727899397,1.4624209447235128,-0.5286922010493973,-0.3687448953689464,0.006779996029464495,0.039049564584236335
-0.6628110598863143,0.7486525048021078,0.8118709300985331,1.4671424034454645,-0.510909614122759,-0.3527755824223799,0.018722899901427805,0.13845780735846946
-0.6610386738149898,0.7532710771908804,0.8116220874648421,1.463128106889033,-0.5288011573092591,-0.36347126266167945,-0.007471023779754002,-0.12052157054940613
-0.6591693332666656,0.7578708817444592,0.8118546189422514,1.4614085016952516,-0.5221057054190434,-0.3573771479630368,0.006905945862198569,-0.05107050668974803
-0.6575081149702956,0.7626038438562921,0.8121488176369853,1.461171040982753,-0.5573568732025512,-0.3687858403786287,0.009169943296456661,-0.007401464750610825
-0.6557955333990383,0.7672395613380208,0.8123620656663738,1.4635173756549726,-0.5193575252121404,-0.34385425301303263,0.006170982069390922,0.0678983493192331
-0.6540902523395573,0.7718594590388663,0.8126731205122165,1.4633019313374576,-0.5649097982904258,-0.37066556793216876,0.009705885389420748,-0.006722537461000496
-0.652368981138433,0.7765200368139062,0.8128495630508482,1.4607796595776845,-0.534689573717161,-0.34634981137624604,0.0051828426358309886,-0.07408948951359065
-0.6507398189022295,0.7811197665803659,0.8131585573792087,1.4636564530329133,-0.5701548245381419,-0.3654061274181655,0.009585956284026498,0.08924699830678291
-0.649092267245001,0.7857464713802613,0.8133678951598067,1.4627004260276322,-0.5566984030749255,-0.35296305638760866,0.006293640514528795,-0.02874249586593506
-0.6473595296186082,0.7903794386041921,0.8135500099069931,1.4592729707524295,-0.5467543926216687,-0.3445214908260057,0.0053718594109283275,-0.101100038080854
-0.6457499230581035,0.7949873076170941,0.8138679241183252,1.4572194060182146,-0.5437918428073745,-0.33744298424441566,0.009230837637175344,-0.05962653433936762
-0.6441810520806065,0.7995594161111962,0.8140574525348003,1.4612742283519922,-0.5890277661333526,-0.36211290496392284,0.005920239697684056,0.12665921339893657
-0.6425975630985111,0.8041661847444165,0.8144289463183736,1.462758439892427,-0.5512779522207903,-0.3351493111146611,0.01076980096040582,0.043028076324371126
-0.6410097270170194,0.8086561634661741,0.8145792029566676,1.4631823695484898,-0.5886865798030214,-0.3581881090946592,0.004619093011113616,0.013032173045770692
-0.6394954284273132,0.8132984236667327,0.8149409360565983,1.4652994595174595,-0.5838968652594542,-0.34598952931002847,0.010919219026122726,0.06390614813412555
-0.6379209393559694,0.8178843728652891,0.8153127305883557,1.4644613826680803,-0.6082198810205747,-0.3599810083936149,0.011637196085518834,-0.0262318667917459
-0.6364031346867045,0.8223913265869333,0.8154907842974017,1.4624202256057663,-0.6173507037776372,-0.36326715759202116,0.005610207353922757,-0.06431382094122488
-0.6348964641294553,0.826996344197713,0.8158899492461954,1.4617541129979446,-0.5712563888730297,-0.32985646557672516,0.011581310266832569,-0.019326488478378125
-0.6334243873006682,0.8315680189200357,0.816245874737632,1.464134368388272,-0.5778421183866058,-0.3308724714021722,0.010371111812730097,0.06935691707919296
-0.6320237697794777,0.8361485442047516,0.8166231072216591,1.4635248216289236,-0.5781657085141082,-0.3267317860573096,0.010875924147685137,-0.017573736620898676
-0.6305034138594215,0.8406941516353102,0.8170820361350092,1.4630951746090426,-0.606384772379084,-0.3426198078625249,0.01388555469704855,-0.01299958887190618
-0.6290765295054022,0.8452490565030321,0.8177701716482707,1.46637872992447,-0.6220992705722893,-0.3463153809180888,0.02114627461762198,0.10090303593413079
-0.6276038114831289,0.849727728100477,0.8179170607709191,1.463325883762273,-0.5856176035422814,-0.3261985034915432,0.004224264813446213,-0.0877943199014397
-0.62625114853823,0.8543069852684272,0.8183847809000144,1.465626435990348,-0.6037650907180755,-0.3281760347534759,0.013740701272511337,0.06758571838447609
-0.6248267906515106,0.858805622442373,0.8188379461136099,1.4636452160556077,-0.6403148135690028,-0.3488340954490074,0.014064463937849037,-0.06148926592139795
-0.6234769152078907,0.8633796855599479,0.8191807491287564,1.4654410067657948,-0.6530313864373184,-0.3488295080272451,0.0107676502284114,0.05640687332480081
-0.6221156341627408,0.8679210259125862,0.8196427904773721,1.466105743624645,-0.6253435021023043,-0.33238953368430946,0.013809624363583956,0.019867845916501054
-0.6206955287886916,0.8724467860897456,0.8200212351348264,1.4631840113921308,-0.6412522877045846,-0.339335189072591,0.011561725959986334,-0.08926078552150642
-0.6194285457837584,0.8769933103967301,0.8204871253412466,1.4645288559676146,-0.5921041701022015,-0.3075443408783015,0.013004089142663135,0.0375377685592415
-0.6180615068620162,0.8814280285788829,0.8208661251931376,1.4616043124598135,-0.6510236190231053,-0.34038363998478793,0.011611434672390095,-0.08959936453262107
-0.6169170125834504,0.8861084101139011,0.8214485501997316,1.4659432546528626,-0.6353929718628958,-0.3185269124543061,0.017181160645362077,0.12799598575904264
-0.6155523172746017,0.8906230662616635,0.8218741729615759,1.4642424840537842,-0.6681944751212994,-0.3410757175255486,0.01322397382726307,-0.052842441487227276
-0.6143539655453762,0.8951832748051362,0.822407087641812,1.4662661864538475,-0.6287060622022704,-0.31429019736374436,0.015396799768013834,0.05846815972496889
-0.6130515815489632,0.8996579305074867,0.8229026676144399,1.4632112526957095,-0.6857000557070713,-0.3444229276071752,0.01558441505036823,-0.09606795727792143
-0.6118210507844662,0.9041632963824761,0.823480079321093,1.4621873616074867,-0.6308708608264887,-0.3121145628174291,0.01660144124997729,-0.029438384348026588
-0.6106295076175489,0.9086100645560017,0.8239801328289844,1.4626029695334337,-0.6821768774354808,-0.3358696185297901,0.015449915910205794,0.012840840842357006
-0.6095246636502785,0.9131019890579025,0.824851212843988,1.4663943529724914,-0.6737638187984725,-0.3264545307913573,0.026335151622228686,0.11462397943452032
-0.6082991644513077,0.9173318391164881,0.8250539484564772,1.4637939624794467,-0.660890859413468,-0.32745017082463246,0.00599733065055436,-0.07692482547031355
-0.6071579355403487,0.9217838598440463,0.8256307788927414,1.4634369560000466,-0.6813331676182321,-0.32680413791622603,0.017474463085136636,-0.010815130674854883
-0.6060351005395962,0.9261376312769231,0.8262392552647835,1.4643288872194677,-0.6968332743015725,-0.334350189904056,0.018747535636785412,0.027480955859535014
-0.6049398526830899,0.9304904290715326,0.8268185340920673,1.464313993984054,-0.6644302555238231,-0.31607432764849513,0.016903604272651227,-0.0004345909878236019
-0.6038662797543521,0.9347702464693535,0.8273542808844746,1.464750878638412,-0.6537500678045223,-0.31043649484596386,0.015293165454352463,0.01247109529773221
-0.6027884338454279,0.9390785287683908,0.8279362367788149,1.4667281297482875,-0.6789890637276601,-0.31929242177222245,0.017169610976765025,0.05833540426362175
-0.6017152232221163,0.9433455858726225,0.8285207449038406,1.4649457647786577,-0.698136650878207,-0.32717961135713275,0.017618422791349685,-0.05372459040162276
-0.6007133549598365,0.947600832111021,0.8291722004433795,1.4636311915174216,-0.7372320749424603,-0.34216506460636253,0.020602223033188337,-0.041573261531591056
-0.599677802096916,0.9517862790960377,0.8297253250846246,1.463462475253364,-0.7161732971840515,-0.3325481514408285,0.016954529592539548,-0.005171537621732967
-0.5987010847224163,0.9559637579960274,0.8303863814938821,1.4645596553640516,-0.7177038104841164,-0.3302990762270869,0.02016588392774073,0.0334700737336517
-0.5977036686476168,0.9601523754918507,0.8309580018632314,1.4639492938213106,-0.684384014652344,-0.3128089685558037,0.016554672793878088,-0.017676654240902857
-0.596675723333359,0.9642795349754979,0.8316550145200571,1.4632894907519653,-0.7361230887606908,-0.33640785513041055,0.021651916040974818,-0.02049604196012978
-0.5957459746972894,0.9684025163128607,0.832222901296229,1.4632296681568617,-0.6916865424645369,-0.31269040978735135,0.016442629094058716,-0.0017321071453072414
-0.594838569725289,0.9724839018298389,0.8327793372442485,1.4647262998299362,-0.7211736464450488,-0.3247839025620334,0.01670956593638897,0.0449432961920193
-0.5937078429387076,0.9765772236308801,0.8332517739083575,1.4565059704928005,-0.7348040769482197,-0.3315552595921516,0.014511803382566954,-0.25250327111135135
-0.5929804700281539,0.9806340812090134,0.8337087914792414,1.465114237516924,-0.7073551031658285,-0.3121734581599526,0.013310470422691368,0.2507126441410546
-0.592022246957209,0.9847005172456313,0.8340637080526233,1.4620405953387456,-0.7345935922499564,-0.3255966798578651,0.010725327470808949,-0.09288328965572772
-0.5911930831777346,0.9886797247687895,0.8344189340239779,1.4652921284129503,-0.722153996014832,-0.3186561880851663,0.010475714585092721,0.09588863201489563
-0.5902965178989952,0.9927131504360454,0.8346254154018229,1.4644673085155264,-0.7665154223405835,-0.3355917055396588,0.006439371725251672,-0.025723006991383614
-0.5894785055379498,0.9966658453325082,0.8348484903184556,1.4654932262392821,-0.7186110176079026,-0.3139007587602354,0.006478094771585603,0.02979264698451028
-0.5885746504425575,1.0006074378536707,0.834992417002022,1.462579849123082,-0.7688448626939569,-0.3353651623556716,0.004465844641259525,-0.09039803641660817
-0.5877908923986134,1.004495173929857,0.8351064693785846,1.4638659405361276,-0.7504417915998948,-0.32514572342221687,0.0034307830866968057,0.038686617506841506
-0.5869551219663558,1.0083424981753104,0.8351355820314462,1.4659112340836988,-0.733449960235527,-0.3178274492118055,0.0008535128870212113,0.059963082337056973
-0.5861842968677363,1.0122454659728481,0.8351614686690184,1.4665669818341647,-0.756930688787409,-0.32366003628940576,0.0007770347483864071,0.019683467459502356
-0.5854518396934287,1.016129890579754,0.8354747819575992,1.4709011852046727,-0.7612558183207341,-0.3237070064101234,0.00940258566383332,0.13007018840560156
-0.5846418692819979,1.0199400483424923,0.8351503625416474,1.4636914331307023,-0.7593566699109775,-0.3245150184632501,-0.009673596081931224,-0.21498167490946843
-0.5833216032759588,1.0237208427968558,0.8356355358508004,1.4489361251304425,-0.7757482423540867,-0.3367830080978131,0.015101230785427544,-0.4592653948977385
-0.5812662960600965,1.0273895105413589,0.8372794826735813,1.4136448772468067,-0.678466504330876,-0.30379073102453075,0.04644051521319037,-0.9969566603498876
-0.578580114722389,1.0308777191527168,0.8406778347208125,1.3689797113593263,-0.7063143676785237,-0.32596260576932684,0.10510738174606771,-1.3814456467251082
-0.5753146385379129,1.0340578930284166,0.8461856805685388,1.3209976344960812,-0.6484650577639485,-0.311709606098805,0.1659047130193254,-1.4452932983507492
-0.5714377521199565,1.036855294049314,0.8538540824767755,1.2811921432976305,-0.6025510249807056,-0.3052736319448824,0.2297105672207649,-1.1923921139130558
-0.567026394134935,1.039065753751541,0.8634277053984066,1.252332379577112,-0.5663351478680937,-0.30861309495149847,0.28664879661991133,-0.8641051155806515
-0.562053542063969,1.040838888083671,0.8750487058115674,1.2323781252309571,-0.5329192167472173,-0.30926068241529175,0.34652319296438133,-0.5950100407381619
-0.556297659793576,1.0420962255281063,0.8886713963948293,1.2216602353284751,-0.5059773429465528,-0.3197167306189979,0.4112666677131044,-0.3235712386014012
-0.5496579652896387,1.042962624544966,0.9039051393065498,1.2016289858570206,-0.4675278777769255,-0.3202424571629723,0.45350924588363684,-0.5963312427254512
-0.5423078511620868,1.0434354151468284,0.9208108485066999,1.1812305475954916,-0.427769965920568,-0.3162324884705594,0.4938856194910761,-0.5959226671990938
-0.5339441364511798,1.0436000748009002,0.9396540071993986,1.1557714981913647,-0.42094929363957045,-0.34259171040426706,0.5981076966540215,-0.8081051402493097
-0.5243919791721849,1.0437488662982792,0.9608010689758759,1.12549748794804,-0.3427780628483667,-0.30740700102292223,0.6245387082177174,-0.8940859704191774
-0.5141814099682367,1.043308837442351,0.9829488973814551,1.0931934841539774,-0.31480550040633276,-0.31924798593748893,0.6709057244616935,-0.9785582889476092
-0.5033193249252023,1.0425372184990223,1.0065738759686829,1.068935172556487,-0.2685545200940198,-0.3054487419777235,0.6944269748669466,-0.7130430140212758
-0.4917096800146963,1.0414975472892645,1.0314894540095172,1.0491528465247733,-0.2371077307689149,-0.3065332728422477,0.7452742302005609,-0.5917285073900029
-0.47925116257270944,1.0402074487441122,1.0576127714855825,1.0248368600972961,-0.2015376437683071,-0.3046530468366368,0.7865130939776535,-0.7320985068499126
-0.46618084452387515,1.0386645030020627,1.0846211245112711,1.0129319806986765,-0.1653601565346515,-0.29316868834655285,0.79591109044608,-0.3508257439752875
-0.45222370317149563,1.0369427698205738,1.1126907694248243,0.9960194317119051,-0.13636399251899195,-0.2984944884986202,0.8549101094522069,-0.5151012472699763
-0.43732528993494146,1.0350825517661972,1.1415878085013398,0.9736132884539145,-0.09606739300947316,-0.2875834759152629,0.8688685593860508,-0.6737020136360378
-0.42199654711342605,1.032966648940209,1.1708804773583958,0.9648172736221238,-0.0694693978924825,-0.28109752271706545,0.8762036152670973,-0.2631067873387553
-0.405561969901062,1.0308186660873655,1.2001676485850608,0.9429119861599295,-0.03043823263188996,-0.27209428238603994,0.8749985839029737,-0.6544536295795124
-0.38853362383026935,1.0285109837380877,1.2288978636669174,0.9254989620286066,0.00030702035833842797,-0.2689203319003599,0.8737904216089853,-0.5295934490516465
-0.3706872163418527,1.026211805370422,1.256833124758473,0.9015828967044734,0.035267744594326945,-0.25165671762384967,0.8328792891631932,-0.7130484809667961
-0.3521821829704591,1.023840290115787,1.2835858595483467,0.8843792777897422,0.06985805984958987,-0.24408167745510118,0.8084292263516913,-0.5198686578745516
-0.3328361194899732,1.021412310579176,1.309134883640716,0.8572984221118585,0.1034462577368926,-0.2287255407170867,0.7548214649753231,-0.8000779631215232
-0.3131699889773992,1.0187557322632081,1.3333678471177404,0.848152183937124,0.1314784385340679,-0.22754674323426838,0.733049988864158,-0.2766747780763508
-0.2925507464488888,1.0162553913704016,1.3563356545124166,0.8310770248433375,0.1644613295562043,-0.20986192829772335,0.6861869918456708,-0.5101380315722918
-0.2713178917317504,1.01381279544398,1.378436813052814,0.8154189722447075,0.19498401692645909,-0.1985210492466289,0.6669016856006245,-0.4724811892626598
-0.24934998478168782,1.01130857820065,1.3994523291848262,0.7960036677815695,0.2242499221949604,-0.18694217748229763,0.6273105260393367,-0.579544408021103
-0.2270715019278525,1.0089423369635673,1.4197910015127735,0.7890051332559056,0.2457760493701604,-0.17172301959784717,0.6092422914944757,-0.20964019395011374
-0.20357010900573486,1.0066012757835994,1.4398064966218307,0.7655766314794352,0.28916073176430546,-0.16204598658831523,0.6037388141504795,-0.7066872841655573
-0.18000790365273497,1.0043326177456955,1.4595778009325744,0.7510237401521218,0.305460676410771,-0.1482394496037095,0.5982880440928173,-0.44037665655585456
-0.15547613200518273,1.0022090577753429,1.4793224125428333,0.7370233021531476,0.3393718575333267,-0.13144100791715357,0.5902688656647455,-0.41854571867953594
-0.13032853595768315,1.000219350371891,1.4992839169272443,0.7199259687556483,0.36751211370277065,-0.11727008456415294,0.5991980232161236,-0.5132222590422194
-0.1044800672733512,0.9983395969347737,1.5193367858180935,0.7072075379911147,0.38925618046733673,-0.10085362018632557,0.5881917983841802,-0.3730576759233423
-0.0781783443794423,0.9967593671754112,1.5397891763311369,0.6990376828274861,0.4240351400664368,-0.08479070045110883,0.6207314868606617,-0.24795567735327717
-0.051064047703243964,0.9950414780953862,1.5602514367045186,0.6706052901553533,0.45333986651140373,-0.07877736297018349,0.620583185290301,-0.8623028193331864
-0.023621865873351043,0.9939644376164949,1.5808174979947538,0.6635450756771323,0.47680068338533593,-0.04850332491503593,0.6209136064733747,-0.21315618835723213
0.0043685595759381645,0.9927862376844726,1.6011850087607398,0.6604973944603538,0.4727081378133126,-0.03973493938625387,0.5842891735737391,-0.08742978756351164
0.03312483826702414,0.991878329356007,1.6212056644541184,0.6465394465243773,0.5415892702591495,-0.024763751512142333,0.6263223491517811,-0.43665776358615077
0.06265148223889336,0.9910682502476047,1.641041875832469,0.6235676930284966,0.5471582522376784,-0.011134771793688566,0.5919127832059746,-0.6854773972467625
0.09256636268924581,0.9905183915108358,1.6602143467579218,0.6109585429957883,0.5781854040989586,0.005762208674723878,0.5793872289066638,-0.38104532924968565
0.12313125273834842,0.9903968398781624,1.6791030616405203,0.6026628828468367,0.6026498366508717,0.027764707839127614,0.5689302378590932,-0.24986622600192498
0.15356732567098955,0.9905564457155168,1.6973374462965465,0.6126176162074859,0.6000943171238742,0.045234715927436,0.546417153697341,0.29830658787513586
0.1853236198129045,0.990777426378454,1.7149935814420716,0.5999486803636436,0.7182898928407823,0.06511686123603284,0.5989511834953816,-0.4297698253187415
0.21790668826477208,0.9913301195253988,1.7321856587727538,0.5781588211065946,0.665589614554626,0.07631326244117494,0.5150058689999608,-0.6527370245151222
0.25074747414124693,0.9922011795468033,1.749243786286117,0.5667522700607129,0.6860540043035444,0.0936909397840763,0.5121851907453175,-0.34249166672041154
0.28460843891802357,0.993397364049613,1.7662671597809965,0.5390709003662668,0.7213741783474223,0.1116895072218867,0.5104244782155198,-0.8299911111524724
0.31869106608936504,0.994817184266875,1.782807172002643,0.5214007174841231,0.7447553048856689,0.1246279663710372,0.49772924655332784,-0.5317388339579688
0.3534109325428965,0.9966800448247509,1.7996351033437281,0.5164785139923934,0.7644550015265794,0.1430112991517166,0.5009384698733627,-0.14652550189174912
0.38828861099001505,0.9990560769129853,1.8161090235297686,0.5196599142875552,0.7721160167005076,0.16695958510698414,0.4909625874515457,0.09481340828367585
0.4237967803232231,1.0018637544909417,1.8326700038337393,0.5248056595123802,0.7950850238857934,0.19139967124898508,0.4975763608004303,0.15460444584676705
0.460207313351296,1.0046912199034645,1.849214409261237,0.5153033146993364,0.8176797501242921,0.20256853435145009,0.4964088480637796,-0.2851143888621053
0.4973527564959423,1.0078958987371613,1.8655049214057575,0.5005165426024186,0.853589194965338,0.22408464992938137,0.49435734608067017,-0.4487243461766048
0.5729689545860095,1.0151050505061676,1.8980296678329123,0.47613683438559296,0.9956974215522882,0.17271090931270913,0.4845801509290803,-0.36322874073056377
0.6113418319245828,1.0197559725194072,1.9139825618613218,0.4767385370649439,0.9042862638090905,0.2851791859319621,0.48155507819879434,0.018163035515140157
0.650666703003211,1.024235280183019,1.9297081565091492,0.46977159037289634,0.9307772527762395,0.2895777566062434,0.4742873629931354,-0.21012463113065802
0.6904782994545822,1.0295055919741465,1.9451900356116116,0.45777132965427325,0.9333638468414894,0.3158996800259637,0.45967429860412135,-0.3563011564934828
0.7305839903848382,1.0356532899283377,1.9603621077003177,0.45517767448482754,0.959529188734125,0.35181491362731926,0.4563298743031341,-0.07800927457626994
0.7719449706863366,1.0414377214841966,1.975410585518734,0.4430763322229298,1.0016725694445596,0.35107724087981274,0.45462077735921264,-0.3655865857383314
0.8136854549789727,1.0478281873994386,1.990426140509162,0.43381065535807417,0.9899736671179172,0.36389336781927073,0.440966386106934,-0.27210796034743145
0.8557283624383355,1.0548366023449687,2.0048740709284223,0.4346915868543584,1.0354339258311402,0.4004026576164574,0.4382850914842751,0.02672349120159099
0.8985019310063083,1.0621296614918416,2.01887995420427,0.4220985929026815,1.0566348897076936,0.4195388566412762,0.42531737746766063,-0.3824120947251855
0.9419087981151215,1.0704400313092672,2.0332879563600343,0.42666785424260917,1.0599628259320744,0.4452925420218949,0.42890775167782247,0.1360210518397719
0.9855228395448703,1.0786830721602452,2.04732147960614,0.43153471162813156,1.073229551585413,0.4599598151046223,0.42224969989150685,0.14643714442999134
1.0300473923793194,1.0872125803594508,2.061181758325638,0.42299728453954805,1.0964650570504793,0.4810679119672348,0.41718462445811416,-0.2569705404826198
1.0755068729285304,1.0965576678411442,2.075015866427349,0.3968761021979113,1.1199185858382879,0.5076014681915959,0.4135780648121096,-0.7809067244546385
1.121420009916993,1.1061702721663862,2.089041498429663,0.3868161254375286,1.1448194247222978,0.5102169631418754,0.4187638225712627,-0.3003611047588424
1.1675793428608774,1.1163999992262257,2.102514281705698,0.37870447343438995,1.1645052987377715,0.5361545106576439,0.40522629953575817,-0.2439774066729428
1.2139091215983948,1.1271239591504243,2.115942146449431,0.38405086574764713,1.1715668361128426,0.5550457345114548,0.40362032998887476,0.16070407848977072
1.26126337065278,1.13836788377435,2.1293267716083113,0.3764083559123715,1.1998629759068273,0.58464793967805,0.4032417859631626,-0.2302477117316111
1.3091047063010208,1.1495540636308554,2.1419412918758565,0.3621122786244259,1.215846809737929,0.586900469050263,0.3797304966144202,-0.4303498201320138
1.3570142573229735,1.1618922373116585,2.154810099660695,0.3716186595695561,1.2073449363879218,0.6125614824881986,0.3820235475611927,0.28220651313211614
1.4056823986358764,1.1748317974589448,2.167750632147584,0.36689993427924894,1.231654928984156,0.6512898723860294,0.3872202145916275,-0.14119865788853456
1.454825771486756,1.187857566157407,2.179977024555147,0.36742951293674964,1.2709347867685497,0.6729005385521787,0.37309222920343704,0.01616026013881892
1.5049358187780577,1.2017259187015195,2.1923691171722144,0.3540695302679651,1.2252157303279467,0.6691129817636274,0.35705808743252027,-0.3849462723735406
1.5554363903451387,1.2157383900425898,2.204562989012083,0.3503779773362041,1.3387137855747782,0.724760211638641,0.3787225108786387,-0.11465383708452871
1.6062526162933446,1.2305036645498975,2.2170438970732493,0.3477629316522235,1.290145596535512,0.7221776079205943,0.370925758315356,-0.07771772683574853
1.65790269160149,1.2459200813653621,2.2293280778760303,0.33816821580080897,1.3059197207870628,0.7440214912420886,0.36285408369751176,-0.2834118029111767
1.7095173559192671,1.2616568869442581,2.241454893314961,0.3474082557085398,1.269753777581361,0.7323130968702548,0.3476648757442793,0.2649036214471012
1.762409748414088,1.2777556944959907,2.2533961579230533,0.33230945757713887,1.3474617850298964,0.7883311067016917,0.35540109471861997,-0.44937697647190084
1.8155031239162138,1.2942795172803194,2.2654171155192016,0.3266597991569146,1.2359234779570054,0.7237020459474552,0.3250112635319988,-0.15275011220983148
1.869299540358835,1.3113412986964674,2.2773432010731627,0.31810020461370864,1.6559337263887048,0.9780632222127837,0.4251910655741147,-0.3051682891457473
1.9778581519676173,1.34597591636704,2.3013668928971085,0.30407407478278703,1.4812072078912284,0.6584252180143125,0.3512497235385602,-0.20507565038427872
2.0334890089169972,1.3627419094761082,2.3131074593021532,0.2735492760404698,1.3943726995098895,0.7840930893264012,0.3374327248670008,-0.8773057159500527
2.0891929272718763,1.3811417222220748,2.325127955285567,0.2644506002132118,1.4649306604372685,0.8370323776694077,0.3577582230225594,-0.27079798540007816
2.1449219691259653,1.3990182184328108,2.3364060467135204,0.26325407092606473,1.632308312601079,0.9102251995774109,0.37283486709505254,-0.039555259912427344
2.164751388445854,1.4108775114989633,1.2128514648200488,2.8772211191437345,0.19101138110946728,0.309184842393292,-15.987066940231745,37.19415758955812
2.057754211402617,0.8329655863578452,1.1964361567933754,-1.5730635581235963,-0.0905776296403062,-0.24183473820070106,-0.008492045992857506,-2.30224264444229
2.03146789363451,0.819796117247931,1.1945075898573307,-1.5941460087608892,-0.08012608739116846,-2.101073615269792,-0.058433879021820415,-0.6387796798744423
2.004226341597594,0.8064317412245043,1.1924514642601074,-1.6262460249466213,-0.11296898374331787,-2.153562544944824,-0.06365581290592137,-0.9937878441644886
1.976237246675983,0.7939129590235888,1.1907007524871327,-1.6535632089175567,-0.12565696895979916,-2.020521922891222,-0.05121179637162168,-0.7990818846146462
1.9471498872671522,0.7814651251637994,1.189418036700648,-1.6970744012020609,-0.16564400336818394,-2.138730974606095,-0.0396765225174642,-1.3458732001489724
1.9168228168531545,0.7710641779643957,1.1889068879140512,-1.7076612646678506,-0.18532890704750962,-1.982875967212685,-0.014965940191397862,-0.30997308337249624
1.8861895130464787,0.7603775658804686,1.1882521400010644,-1.7438099535048137,-0.19860671388632814,-1.9691823310827867,-0.01911083288024121,-1.0551107342238468
1.8542857003483113,0.7507743925534156,1.1869136986045674,-1.7498700213605352,-0.23341510812673813,-1.9713153659732123,-0.03958797821796755,-0.1792426884730241
1.821497046654294,0.7404882226833779,1.1851110250061767,-1.7696650661164226,-0.2816860949114889,-2.08363420411455,-0.05643284353791442,-0.6196854852327498
1.7885694129451082,0.7299107847117632,1.1834724109539312,-1.7978213774840628,-0.2659972168536455,-1.9237647943875429,-0.047420988624082054,-0.8148350242885114
1.755677756745391,0.7192549757963942,1.1821806901650436,-1.8244888144675606,-0.272272586072989,-1.9843561830773544,-0.03859777294367505,-0.7968468778498254
1.7226280066983013,0.7077852905805889,1.181237538194433,-1.8628495426492302,-0.27975304673336676,-2.0241792233916236,-0.02849320376233,-1.1589012996961139
1.6895988201150658,0.6958048891099955,1.1813086555975911,-1.8904058631122578,-0.2730172253556762,-2.0258634679730365,0.002131147272095966,-0.8257694259886712
1.6584339896835245,0.6825626114504024,1.184256274795925,-1.9304547381313646,-0.21676677003632577,-2.039189833644326,0.08762062876083439,-1.1904887891629958
1.6294567913032538,0.6692878179583872,1.1885508108811162,-1.9730602780292792,-0.15508553100368508,-2.114425083207185,0.13207174792979073,-1.3102668167613185
1.574740086640269,0.6406953388084834,1.1968850580391777,-2.034299967932194,-0.4517239711886371,-1.2400643018000062,0.12260195226214288,-0.9008738756641329
1.5494872200893994,0.6266324574067261,1.2015685931029092,-2.0621019338010362,-0.04621486481615401,-2.118893738689177,0.14266930376413048,-0.8469002708013524
1.5256947916928023,0.6125334234498612,1.2056171141299963,-2.0768449150164257,-0.007864926530921234,-2.2657115405404906,0.13208134377713104,-0.480983736327708
1.502485718267182,0.5980721366471482,1.2080874522225535,-2.1015676467567745,-0.0002557514090802088,-2.0245647098425024,0.0721177907276704,-0.7217428250969221
1.478742644434759,0.5850661210621566,1.209494821854993,-2.130648852128452,-0.024346333415590966,-2.0589266876997776,0.04280070424216566,-0.88441305072168
1.4538664243168506,0.5723650500245054,1.2094891418308928,-2.149478779377041,-0.06370959798719367,-2.038859281093235,-0.00017214415424190817,-0.5706774907074005
1.4279988359703457,0.5590952994206908,1.2084948943076677,-2.1547287835125917,-0.09862740857818159,-1.968305523288138,-0.029036764189994308,-0.15332513133749634
1.4033832117882026,0.54526735083311,1.2066147179741722,-2.152362481391167,-0.07441850177468609,-1.9324226002972738,-0.054129007715034295,0.06812424106443793
1.37908061884133,0.5300672421907358,1.2054165203746583,-2.1541258247204764,-0.08196116126229513,-1.95286016083243,-0.03465394672177533,-0.05099893858147957
1.3550222029693235,0.5141428320415372,1.205403910276917,-2.1533382493644435,-0.09631334839486745,-2.053967459265212,-0.00038436172996731283,0.02400566851532487
1.3308550372005927,0.4986975577777123,1.206716785509157,-2.1465246063103205,-0.1155043371842757,-1.958625665795901,0.03896355152720464,0.20221550815178402
1.3063010832114546,0.48648827933157507,1.2085521814117117,-2.0840031617130834,-0.15453203574928487,-1.9297855422395331,0.05739925390669409,1.955264402658231
1.2835471971723538,0.4703469521663324,1.213854355157391,-2.1012270075626858,-0.12354174180658219,-1.8631176974388919,0.15600342518626947,-0.5067693131723319
1.2601119118957793,0.4581177480187722,1.2202263190524991,-2.0733777088722705,-0.16461543275357826,-1.822458966824727,0.19691007330238666,0.8606149590332423
1.2357631437480125,0.44605564600955144,1.2266581813846693,-2.0489272584562155,-0.2078518751674296,-1.715372422134414,0.19237331547252604,0.73129895641688
1.2089455862076843,0.43551806049803765,1.2333731423280991,-1.9992244360343039,-0.3054101479051539,-1.649340457448912,0.2034601437267124,1.5059720345030294
1.1825102834787065,0.4269392201389802,1.240824844358425,-1.9398644601816282,-0.3181640248486632,-1.529017432320511,0.22566870443861237,1.7976683436434535
1.1575858384418916,0.4200681035589073,1.2487807459361802,-1.8867123171584033,-0.2895209618415517,-1.3790848174140538,0.23516980018699876,1.5711329171331567
1.13314739659837,0.4141464503440282,1.2564507034000294,-1.8260285672927827,-0.29565627680368656,-1.2976278482034147,0.2272028172549986,1.7976004425123928
1.109886673604289,0.4079053236466554,1.262609707465985,-1.7675704674628137,-0.2894268173237699,-1.285329057660813,0.1878656061144891,1.7831237387167571
1.0868958509003874,0.40248968402563556,1.26756797223245,-1.6988056016524258,-0.2948642845747745,-1.1774454352367159,0.14796432687808994,2.0520782091575023
1.062658338753041,0.3997416411004201,1.272287235475326,-1.5830067064127382,-0.3551898396550764,-1.0448226190045002,0.14171954880970872,3.4774426306488126
1.040686601620028,0.3965477232654037,1.2756482465383565,-1.524375050660557,-0.3219702675636517,-0.9912359777075124,0.1028338090576259,1.79389962701163
1.0181171815780172,0.3926782372735103,1.2758125606361017,-1.5115423140401358,-0.354175526506929,-0.9548496963221917,0.0049944812448303975,0.3900630758410605
0.9947354240825512,0.38959173204092445,1.2736292220619623,-1.5055389706062392,-0.3657225783897862,-0.8604084263288185,-0.0630261295354005,0.17329767604156351
0.9709961740624807,0.3879616766452746,1.2705320247992253,-1.4814747031137818,-0.3972697521160217,-0.8341178427146136,-0.0934979943206511,0.7264505791769162
0.9471493308678384,0.385967629917581,1.2662794813819538,-1.4671699404592524,-0.4006371584453132,-0.8008052196820239,-0.1262766556020904,0.4247711098866619
0.9222860809495689,0.3837589091978657,1.2621231263677652,-1.4502300239306376,-0.4453810162852377,-0.7994538415373557,-0.12618375248470712,0.5142828817705437
0.8965202017505274,0.3804558986580895,1.25885079297648,-1.4362355802140268,-0.47920878372079345,-0.8065395280889042,-0.09951292265906432,0.4255764400218337
0.8687952674091612,0.3765164971511156,1.256356470727513,-1.420382421566516,-0.5441265760833321,-0.7988568341903926,-0.07579150102864592,0.4817078829480337
0.8409888187699757,0.37288831708836107,1.2552062930768104,-1.4008535657789183,-0.5256248238542225,-0.723141617203718,-0.03320586801708924,0.5638021286638832
0.8137911933914181,0.3683297294266871,1.254748002834673,-1.3951931828678568,-0.5419146839254317,-0.7600332598114482,-0.013928814073073293,0.1720360023003099
0.7859672509388436,0.36349651934294874,1.254211301728691,-1.4053231614853847,-0.5565676995577075,-0.7336929293010341,-0.016047214352901743,-0.3028835537210402
0.7569625909151848,0.35836943863916715,1.25334699540245,-1.414523761684288,-0.5894059141221122,-0.7212243766246669,-0.025659342795534376,-0.27314546620880603
0.7260800538524668,0.35173500836733573,1.253646062150346,-1.4414322404900048,-0.6734664957365832,-0.7786619213410858,0.009236809764987282,-0.8310803576200042
0.697443328293862,0.3452086732908034,1.2555654057654018,-1.4667467349213759,-0.5643498692813224,-0.7120977985449164,0.05538008215489458,-0.7304157370894894
0.6698903051469008,0.3398659848108146,1.2589397560562152,-1.490268267268873,-0.5631230525551223,-0.7030364306133313,0.10277724041521882,-0.7164277495417567
0.6422320090234104,0.3350497210228288,1.261925143022454,-1.5383793138173216,-0.5698057152953832,-0.6780032158156213,0.09149208091543126,-1.474441944550441
0.6161859623903695,0.33058616326787493,1.2642107708153292,-1.579859868177051,-0.5084483980841681,-0.6524881699181087,0.06909329194623459,-1.2539347226186974
0.5920800034181837,0.3262649698311723,1.2664569264458636,-1.5970780584292747,-0.4320943889896281,-0.6202632143184197,0.06576717971763679,-0.5041466394120818
0.5689052962106257,0.3216937966263058,1.2681742436026844,-1.6117415484747228,-0.4291260915529262,-0.6489206175931118,0.05320336008471727,-0.4542823891836661
0.5478805172675972,0.31633150762485046,1.2685953446573006,-1.610930327718321,-0.3428211493604313,-0.6195130051638155,0.012284497234251568,0.023665196344542512
0.5279042606652095,0.31005366201403384,1.2675230106709607,-1.6179678972676717,-0.3273181260332336,-0.6492512909897712,-0.03229939741047584,-0.21197617400358787
0.5080062300827868,0.3033329496144523,1.2651075383119796,-1.6154471122541758,-0.33102161813326975,-0.651028957588423,-0.07313288986978433,0.07632142512082328
0.48821401175384765,0.29625731494861285,1.2615125318004574,-1.6129810530771882,-0.33002098229058313,-0.6360751805011825,-0.10747589013784259,0.07372501394082677
0.4687972348052823,0.2891544276846966,1.257826382047257,-1.6100821731657917,-0.321076599236656,-0.611453741690979,-0.1087384989062538,0.08551466195888249
0.4487939044658598,0.28194105579916184,1.2540285437724314,-1.604438042880598,-0.37048554281865775,-0.6422430674809928,-0.12032481590281513,0.17881986760708604
0.4288708290105166,0.274889137227695,1.2509811309010392,-1.597174914853849,-0.3419865285558152,-0.562825916349139,-0.08792463682097108,0.20955739208529847
0.40965394711795755,0.2672565785067615,1.2482393262784277,-1.5864423949970414,-0.33677920999120176,-0.5760445023623251,-0.08108060236391143,0.3173819052226065
0.3905366438509443,0.25932214696910877,1.2459386341366472,-1.5850440999563087,-0.35365947913959256,-0.5865125409270595,-0.07037831622753944,0.042773932578362775
0.3711411558541586,0.2506934012107233,1.2435578580250422,-1.5746403736661563,-0.3606213885902682,-0.577448445413873,-0.07111382584587655,0.3107594939060803
0.35195686400438847,0.24119028130215117,1.2417938705334992,-1.559560102587739,-0.35966884276376027,-0.5801647145695017,-0.052195509655422266,0.4462176962442209
0.3313826573650021,0.23233604544484426,1.2407667121610215,-1.5434269230382214,-0.4321734550958655,-0.5711772421464788,-0.03198301158966237,0.5023448012848043
0.3084324521001224,0.22509279472518964,1.2407260420356336,-1.5205191275563743,-0.4806613858552764,-0.46652270759034253,-0.0011796069924719485,0.6644237133469023
0.2848764786137201,0.21937649884670438,1.2400361878733523,-1.5089352717427746,-0.534503181914607,-0.4227587687785554,-0.021100936510140864,0.35432156451311775
0.2615586710836014,0.21482479408652794,1.2401521573170042,-1.4988059679116432,-0.517017478318085,-0.355026163394542,0.0034375355023323023,0.3002501386308791
0.23768018973447064,0.20934872184648975,1.2424421260008516,-1.4505587963985134,-0.5438670602815568,-0.3664869265822928,0.06854362687450206,1.4441403261419166
0.21568226810685,0.20402005343406548,1.2452096578600842,-1.4027727496743865,-0.4784791290667465,-0.3246512008591289,0.0796647578404222,1.375544721455975
0.19395110501056165,0.19841803292301402,1.2470307402180572,-1.3523160578729034,-0.5121589478841244,-0.3324148477884038,0.0559431161337307,1.5500147792965104
0.17219143678845433,0.1931662105619526,1.2487876930061237,-1.287100575681534,-0.547832061462398,-0.31454142109476363,0.056542208720521146,2.0987629439557853
0.1496128596834332,0.1889720982788636,1.2498918146496023,-1.1889480286251328,-0.5109977679046045,-0.22503171764839305,0.031006705261042423,2.7563875005746725
0.12925195893594252,0.18491964101955402,1.2507547961654937,-1.0762788830873373,-0.5132773641439958,-0.22261460136672603,0.02699656685443718,3.5246179251031466
0.11303392426451128,0.17957394568404497,1.2514497337973003,-0.9770871848832848,-0.3790447186505144,-0.23063873249497285,0.020705607701157647,2.955408221145621
0.09817387218486147,0.17270948726887464,1.2507764930469114,-0.8867095651428409,-0.35313169670520955,-0.2627446248080388,-0.020179455308445574,2.7089434758405786
0.08303594183867312,0.1662184492921349,1.2501024910023684,-0.8150313799462626,-0.38145809131454844,-0.2447286419924369,-0.020645201150670665,2.1955579563585146
0.06706966080006253,0.1604436962478601,1.24933997224323,-0.7559565149861519,-0.40110851667172825,-0.20475399153227183,-0.02249991875555831,1.7431435570186502
0.05147463426188431,0.1544381902938695,1.2481539720735397,-0.7160780111128869,-0.385610706503584,-0.19681947110792072,-0.03394610246106263,1.1414161760443755
0.037910367699785744,0.14843225348440825,1.2462220678863767,-0.6878253259841816,-0.3535426813512667,-0.20176265071900082,-0.05872762857817941,0.858848595908566
0.025629465341167303,0.14320928873334599,1.2436822330071213,-0.687341583025638,-0.31210231721836523,-0.1685161339147137,-0.07552065822778524,0.014383843194160242
0.01409280365519057,0.13712025945005427,1.2411452134189502,-0.7050286459325797,-0.2978910188948188,-0.19378739755578717,-0.07698539501444661,-0.5367106863837307
0.002981382199002897,0.13174157415369778,1.2398633754299417,-0.7545589987885567,-0.28882983798181816,-0.16986004936318988,-0.03928984857422947,-1.5181638243104005
-0.008870802882031022,0.12788375017178089,1.2376847877574884,-0.8206976986775034,-0.29592121346866623,-0.11365520596570533,-0.06372346050866037,-1.934550022364374
-0.024333425441278908,0.12185085501188468,1.2364139816991493,-0.804100829139638,-0.4249564531950677,-0.18369892825717019,-0.03961597681968485,0.5173890969254256
-0.03921515935698342,0.11687836433294406,1.235276393889649,-0.8163402333288762,-0.4092084717146709,-0.14347346940976982,-0.03533526758413085,-0.3801751552585797
-0.05479165995099814,0.11183590321948468,1.2339712766563307,-0.8488482624597817,-0.4050961972585848,-0.1301838570657322,-0.03799407757030794,-0.9463614064134053
-0.07083585430214544,0.10470959579496815,1.232901811540793,-0.8625000910316076,-0.43260128431719863,-0.18941945509202804,-0.032143348910546175,-0.4103130459104015
-0.08751079025496086,0.09792986047801662,1.2325393829903355,-0.8867083178983495,-0.46515307972498116,-0.1755576508886059,-0.011159543512634203,-0.7453959152557892
-0.10469030337483165,0.09349753252196082,1.2341250135566957,-0.9105671761157167,-0.45530057191751133,-0.0890686694291231,0.046058173883223676,-0.6930337139963147
-0.12084028761949836,0.08890590794268652,1.2376869807032516,-0.9063910967351264,-0.42759060899205775,-0.08495395137638666,0.10376954193557202,0.12166025866618493
-0.13654117000606536,0.0833784125977285,1.2416618928103955,-0.8724626957291818,-0.41584788478180873,-0.10475862098372009,0.11551386723475243,0.9859842692481927
-0.14978523890446052,0.07805410773290565,1.2468227825647311,-0.8794035706355614,-0.3777141332853372,-0.10192528994832112,0.16257628638078384,-0.21864866723122647
-0.1627656447868851,0.07259105239002925,1.2511437181358813,-0.8649233117550877,-0.36734095874538975,-0.09821554301131157,0.13451232674431665,0.4507758289379168
-0.1762054137434798,0.06529484885606153,1.2553973732687438,-0.8363528132545008,-0.36143381129466284,-0.141238822967138,0.12436076506321925,0.8352931633598485
-0.18752966743577223,0.05752279569980518,1.2609032917254972,-0.8389445149727803,-0.31150796834159267,-0.1556978156670658,0.16507668689460914,-0.0777035723345812
-0.1966432381336864,0.049394661807764834,1.2672746181185661,-0.8194795532752917,-0.24598275358116822,-0.15949597215909905,0.18901872011449009,0.5774687906649021
-0.20491948093891946,0.041587020807632005,1.2726042951313647,-0.7761798452968494,-0.2313879504574786,-0.15213173189843496,0.1624819742396085,1.32004660309453
-0.21280702418094954,0.03397708200021153,1.2778748011459478,-0.758301551007884,-0.2177519144596034,-0.1432362456961061,0.15629369155679074,0.5301700833714279
-0.22157462622051333,0.025982730942526858,1.2822661691837802,-0.7226582128279545,-0.2762236833971753,-0.17146785078935972,0.14550345485688712,1.1810052819831518
-0.23024541429055229,0.017442264709238677,1.2855060125035735,-0.6479744726397615,-0.2556757494320952,-0.17564922270851485,0.09907647755304136,2.2838764649905055
-0.23842192540769774,0.009210253057316653,1.2882399818272978,-0.5776676399199137,-0.23369800322657938,-0.16450229530396668,0.0799255428127632,2.055367527286382
-0.24632075807814846,0.0028733681385381977,1.2889989613067006,-0.5052570405784894,-0.2343680528572014,-0.11789129666614298,0.022752422678499386,2.1706997452896113
-0.25447130860423894,-0.006373628401332133,1.2903380652314655,-0.2873496754035304,-0.22839950279485255,-0.19863712759657895,0.03759785809257747,6.118158599687
-0.2623946405236155,-0.012615176963208448,1.2907182607237264,-0.17255148709390375,-0.23074023689222412,-0.1439618426311218,0.011022985553364516,3.328337124052928
-0.2694382613696213,-0.01762728027889843,1.2913257112650685,-0.08384385400166552,-0.21243439833837857,-0.12662847604374577,0.018219255849473245,2.660606836464508
-0.27767242419925725,-0.023389228341007217,1.2937070357180112,0.029197004672419563,-0.25378887543215245,-0.16491742655482683,0.07316412120148987,3.47308199625255
-0.2848808137514259,-0.028290008668965305,1.2967658789845897,0.08512530082320086,-0.20328138559612186,-0.14243046528425082,0.08640385010252954,1.5798194598271222
-0.2900180596380852,-0.03150730516443696,1.2997252276854514,0.15479179779091698,-0.15782225615296608,-0.11275855164435358,0.09165899243487921,2.157758873318694
-0.2925527239598451,-0.03300119996823396,1.3026764196353222,0.2668997096221614,-0.0768909353798026,-0.07146055160785375,0.09259762459934562,3.5175368158687648
-0.29206681783762894,-0.03370425214397736,1.3041481189932174,0.3315325198559339,0.01899148711307692,-0.06165375333338309,0.04391438496157246,1.9285936998800786
-0.29110556081140626,-0.03441152282236,1.304298289970418,0.41512488542218223,0.03463998109179667,-0.07213928864213853,0.0045179454622731674,2.5149050484364506
-0.2914448982079368,-0.03398945673495725,1.3039997794478155,0.5059423789486872,-0.002994701798849393,-0.05176146713505208,-0.009153830778483828,2.7849201435841966
-0.29370865705198407,-0.03218288418409645,1.3032931110327381,0.6164890794975034,-0.059721988325486364,-0.023232245828948964,-0.021369081674677368,3.342842870138856
-0.2953297191535401,-0.02855296434941272,1.3014277783187695,0.7365993135727962,-0.03849160122108089,0.01394152731028859,-0.055581510241371535,3.5789369667709487
-0.2939401046938401,-0.02561615371968362,1.300785092051341,0.7699408189925481,0.05117891710945465,-0.0254739041818247,-0.018987706074442962,0.9850509293170092
-0.28987175975891455,-0.02230260427277883,1.3001770517334488,0.7961583714058843,0.13031777863415775,-0.018974479036474656,-0.018066121897064816,0.7789771233984423
-0.2845764713110582,-0.018617498183753897,1.30013042909136,0.8238533399214757,0.1685332238036232,-0.01042091473841224,-0.0014088543043081336,0.8368932744433594
-0.27950388148009486,-0.014290821091654091,1.3007101350614343,0.8600038879885078,0.1628146125532442,0.00714249808131815,0.017771991289094208,1.1082639450150034
-0.2742570991767355,-0.008910557997872517,1.3009250125974947,0.910719635636443,0.163723326307078,0.035685377393517494,0.006479154076563881,1.529220546473076
-0.26909085376038683,-0.0024255343838791616,1.3008583177994246,0.9580741715236099,0.15127740072779539,0.06095442578798014,-0.00191332814074542,1.3584982446403162
-0.262417034565416,0.004283437366655682,1.3003295568433615,1.0154598829690735,0.19912423894224943,0.06588686295135755,-0.01576950146065458,1.711442666262012
-0.2529610943213755,0.009450597748642858,1.2988049434963658,1.1089655604158717,0.2785546164166099,0.015427690708843632,-0.04547558291875336,2.789051530006066
-0.24380238420599964,0.01459189751195302,1.2990689580495878,1.1763170045649445,0.2772883054568608,0.007679982205841237,0.00819944832624486,2.0917206239533366
-0.23458403096658187,0.01958172294778194,1.2987811237560882,1.262677538183073,0.26031124567727193,-0.0003569140280946756,-0.008449645773621001,2.5351945003566034
-0.2239095122056621,0.026340674832532662,1.2979036541739453,1.3006684454201316,0.3067170831740572,0.048009455872170634,-0.02642190797308228,1.143962452100044
-0.21085178339049404,0.03281292773099167,1.2964708621807888,1.3264086697227806,0.3643764724172968,0.04102992059204663,-0.042095646060030294,0.7562516938435712
-0.1978530814289048,0.037737461668540764,1.2965367995894261,1.3591720980362907,0.3744468953552689,0.0016136951158493614,0.0020266581686712464,1.0070197024337664
-0.1867695737913649,0.040123575301886316,1.298933414694668,1.397003286030814,0.2974904753457249,-0.06741814125616702,0.07036318682224128,1.1107010644904
