[-0.10709486105407506, -0.441741995643748, 0.9621710964054081, -1.47809065501322, 30.516590850018503, 0.1529830206654903, 1.0581360548308743, -2.29226085017315, 32735059.0]
[-0.10818962550364519, -0.4384628559355616, 0.9621574494364489, -1.476271006471051, -0.0325985440062876, 0.15068219449729303, 1.0579581499585258, -2.159065651315113, 32880743.0]
[-0.1090154219255377, -0.43606769878805973, 0.9621596175261841, -1.4758871547810957, -0.043209480690769714, 0.11819699273628081, 1.0584382969804988, -2.202726811796129, 34569024.0]
[-0.10975626638059277, -0.4339323502855291, 0.9621707903291307, -1.4756072592638239, -0.04414667942773068, 0.13822949164343779, 1.0587227167613833, -2.2050224579449025, 33366850.0]
[-0.11065992493309751, -0.4312183745720767, 0.9621665107012463, -1.475538548765715, -0.045650813960545655, 0.156622218464867, 1.0582514848353348, -2.211193716943836, 32500968.0]
[-0.11256407521224743, -0.4256387546883612, 0.9621714433964408, -1.475055384414905, -0.05588422888310496, 0.12730594810614337, 1.0585332877180673, -2.1984095122523617, 34089121.0]
[-0.11832030693288642, -0.4080567848552864, 0.9621580180696819, -1.4744453171449432, -0.06291279219534003, 0.16351131914595518, 1.0579680563076233, -2.1932294619104757, 33086575.0]
[-0.12319586713675756, -0.39228689919036747, 0.9621577384351903, -1.4741947348086584, -0.07453479170380574, 0.16477646501645654, 1.0583652307049982, -2.203870928678532, 33765864.0]
[-0.12750952424157236, -0.3775712925841982, 0.9621657890467809, -1.4742741875315686, -0.08250240015564649, 0.1853505710340259, 1.0586238598799589, -2.2137946022493473, 33336980.0]
[-0.13225581404886344, -0.3605182421728021, 0.962118183895396, -1.4774525285901827, -0.09216104835939756, 0.21363918732729908, 1.056876607227318, -2.3132141987528847, 32754447.0]
[-0.13650914861179186, -0.34445795380881383, 0.9621305000701931, -1.4790165830921773, -0.10068521159286309, 0.24397961428786902, 1.0587286033322696, -2.267423521093194, 31985640.0]
[-0.14053281422218322, -0.3284991887165104, 0.9621242756959918, -1.4761792308728041, -0.11996991960489, 0.1796648452960498, 1.0581635169981431, -2.1353226865165498, 35940345.0]
[-0.14431256689824123, -0.31248984401633606, 0.9618993069802609, -1.4731331713943172, -0.1213212200209915, 0.24542814081581416, 1.0512359883818165, -2.1169072774343096, 32826577.0]
[-0.14781440767699794, -0.29607771821983275, 0.9610262868724253, -1.4725590480799806, -0.12905328769227403, 0.23305011552727306, 1.031353928323287, -2.191888193811022, 33870826.0]
[-0.1507995967037583, -0.2810871176175137, 0.9589297091659148, -1.4769053806288424, -0.13383407760036087, 0.25393832006509515, 0.9912247862881007, -2.3472003561012738, 32966150.0]
[-0.15385582106373197, -0.2649673182697517, 0.9551382076805471, -1.4656017301596804, -0.14156053660642182, 0.2865625657556505, 0.9315326897883637, -1.8432706314174168, 31829437.0]
[-0.15625026999775726, -0.2499408160604371, 0.9492877770605822, -1.4575831576231653, -0.14467550194007392, 0.25794651773328864, 0.8675498079777402, -1.9442361288794885, 33115630.0]
[-0.15802454526883325, -0.23560900345661373, 0.940961215727377, -1.4567154851805402, -0.14537577179426842, 0.24095870528765234, 0.79129595835582, -2.1596719819716825, 34158657.0]
[-0.15952794541728577, -0.21877332586136006, 0.9289775446176921, -1.4558225585708346, -0.14438587327575675, 0.23088062819809257, 0.6807501144376864, -2.1583159377971306, 35129834.0]
[-0.16001075998284198, -0.2050692573737367, 0.9133343865472943, -1.4579354107768605, -0.12471405094552757, 0.2874277000025356, 0.51454151405696, -2.2531023102841434, 31916585.0]
[-0.16007260035730675, -0.19144797201924968, 0.894774278243796, -1.4574805037398642, -0.12813348793542853, 0.2685365060449557, 0.42753935695559053, -2.1725757724527552, 33338776.0]
[-0.1599005261015115, -0.17773704289503114, 0.8737370534208453, -1.4532223764241892, -0.13037126180131287, 0.2816564822036228, 0.3255415018667607, -2.051188515844471, 33099815.0]
[-0.1594574089446057, -0.16446137609164924, 0.8507610657105138, -1.4542915018863243, -0.13169237188443383, 0.2938607967326642, 0.23388424414301323, -2.214100734293474, 32731522.0]
[-0.1590990814429213, -0.14752861192818623, 0.8263492332519511, -1.4532216179781845, -0.1513385951771749, 0.2680100396178826, 0.219464755108421, -2.149613240708574, 35404127.0]
[-0.15849414368637327, -0.1329070640781796, 0.8009259013652242, -1.4564058975105194, -0.1443079776722866, 0.3401291421726659, 0.0824335202793337, -2.284631840498939, 31835475.0]
[-0.15791912103610628, -0.11841908445118031, 0.7748134218438845, -1.4563946308759967, -0.16571286768409343, 0.3120387181950275, 0.09391095267708438, -2.184264729849415, 34431747.0]
[-0.1574096634726574, -0.1053840387486248, 0.7482947476856754, -1.4571366898161051, -0.1720618933713385, 0.3514298232849522, 0.017257469635474587, -2.208255205403794, 32907021.0]
[-0.1567727009445078, -0.09025648982734812, 0.7214317425744983, -1.453391209113785, -0.18060314868594868, 0.36121206804152745, -0.01864606042172834, -2.066839692444564, 33073518.0]
[-0.15601976432771203, -0.07568561443974173, 0.6942012162670866, -1.45800849478226, -0.18856962930039087, 0.3695267728597519, -0.050728865443447235, -2.3250962841710816, 33438349.0]
[-0.15519611742193473, -0.06185763403061073, 0.6670308292746392, -1.4554507376688455, -0.19373058440125443, 0.3882642813207242, -0.08904689507056374, -2.10572143266415, 33022631.0]
[-0.15393693149057275, -0.04607835471222295, 0.6399304890733611, -1.4657826427231533, -0.19730353813478016, 0.3910408225208248, -0.1012462228395894, -2.505641974803746, 33657921.0]
[-0.15245828787843374, -0.031727643060975086, 0.6127604153080106, -1.460609368570865, -0.19461015105242374, 0.41301356051935223, -0.1507519390771983, -2.033871546216471, 32941872.0]
[-0.15103429596939344, -0.018380051060683814, 0.5861445622314557, -1.4625640904223085, -0.20356450840787296, 0.41740334261380885, -0.1511630568439689, -2.2523002557459177, 33440275.0]
[-0.14894468939380512, -0.0022341305281549095, 0.5598196495536176, -1.4653905197820025, -0.20365913192055363, 0.42959165751022294, -0.1665074228601391, -2.2820800271994357, 33650273.0]
[-0.14690203363493715, 0.010850575722767042, 0.5339985879586094, -1.4636819128806313, -0.20019926496799126, 0.4442411586882423, -0.18991949319588985, -2.1440869207302207, 33218147.0]
[-0.14451677275814268, 0.02536899961086997, 0.5088081655134694, -1.4578804430803902, -0.2057974431514247, 0.45060049031056437, -0.19235381269608653, -2.0136217604816817, 33495996.0]
[-0.1417595550212033, 0.041096746784272886, 0.4844313667812944, -1.4594753289587832, -0.20997886568878318, 0.4634659555391616, -0.1880648735522189, -2.236381452439136, 33812550.0]
[-0.13900029983327478, 0.054728612528236825, 0.46081326712858284, -1.4605377716350156, -0.20253844319137143, 0.49364267951102525, -0.21691342728661378, -2.223366623849207, 32630337.0]
[-0.13601582799916856, 0.06846128156400719, 0.4379281190893941, -1.457919376721055, -0.20626495414681761, 0.49064545035598617, -0.20340886498216237, -2.1084902178638907, 33402646.0]
[-0.13256020817683756, 0.08325465932627563, 0.41606422757645856, -1.4526978024767065, -0.20608271772861636, 0.5053023035265232, -0.19861912359856765, -2.0223103890307037, 33314387.0]
[-0.12884676236906056, 0.09765726811396491, 0.3951537210293019, -1.4615225346284078, -0.20260283740327556, 0.5170608745478988, -0.19202780412363463, -2.4567648295118483, 33366220.0]
[-0.12490285953858704, 0.11203973560253783, 0.37532815910144457, -1.4599472604896702, -0.2028451891947902, 0.5259524815384485, -0.1740675579140451, -2.1432854741662712, 33778494.0]
[-0.12046193460671539, 0.12652580017345905, 0.3560188161585207, -1.4594375900845102, -0.19252510779028975, 0.5520585324184029, -0.19676281307208476, -2.1736259932719544, 32817614.0]
[-0.11665998595616811, 0.13829570893533868, 0.33820214511905966, -1.4666409574799772, -0.19175018167637595, 0.5653830394667133, -0.17181296042421346, -2.419836720683171, 32761151.0]
[-0.11121223441985606, 0.15414541840777082, 0.3209161427257503, -1.4592886055116596, -0.1905358345127464, 0.5574196389408137, -0.15438113731845754, -1.9731223552574764, 34068547.0]
[-0.10600388472800659, 0.16820858774205688, 0.30472766749590463, -1.4589457140143347, -0.18311467740998344, 0.5805469776703538, -0.1493823858056012, -2.1781545204308133, 33407035.0]
[-0.10058660772842365, 0.18176912728818773, 0.28975179475241364, -1.4621108386667303, -0.17460232841977016, 0.600152070710855, -0.13730170221402166, -2.289547125461208, 32839761.0]
[-0.09514102228615995, 0.19439820515877843, 0.2752969561274553, -1.4598770800749221, -0.16477072958568129, 0.6220377216180919, -0.1459248605804035, -2.1204684228007316, 32211231.0]
[-0.0887189240551638, 0.20862337030781797, 0.2620818246462371, -1.4581986326885306, -0.16564883179961998, 0.5999551205427437, -0.09953050967334587, -2.1380410548648787, 34075380.0]
[-0.08177759633343085, 0.2231059712209667, 0.2496270774288527, -1.461359056067298, -0.15420477769404178, 0.6244261415687614, -0.09827358181670864, -2.286653599688851, 33402979.0]
[-0.07570179128317911, 0.23448130890093188, 0.23763646247415826, -1.4569881068662915, -0.14789281370459495, 0.6204379652879584, -0.09270989957357956, -2.0563981338609008, 33861271.0]
[-0.06878279895874195, 0.24716422331556812, 0.22701687263668313, -1.4618641910091812, -0.13443790105985418, 0.6591135855916561, -0.07974369590114233, -2.3440719671926282, 32233100.0]
[-0.06126030292265028, 0.2603001974486138, 0.21643451048223483, -1.4576318858942876, -0.13196096335323984, 0.644105462189764, -0.07546719235824259, -2.061048722367322, 33750680.0]
[-0.053303931266543536, 0.2732240080657657, 0.206857972977046, -1.4566615913573628, -0.12353165989844625, 0.636195711194661, -0.048719738506128846, -2.157001375339331, 34664504.0]
[-0.045636369845499236, 0.28512369070552435, 0.19799721908288825, -1.4532496802363568, -0.10769510275155031, 0.6853042129910031, -0.056926972383953306, -2.074089664297431, 32253304.0]
[-0.03735357394226624, 0.2975225826504704, 0.18968886478765157, -1.455276894712752, -0.10462805939992081, 0.670128383726279, -0.037405844671642374, -2.2429541495241074, 33765069.0]
[-0.029776727115778834, 0.3080099608822946, 0.18192432995536822, -1.4574841822090685, -0.08870230908708376, 0.7004930551262507, -0.038605070905511296, -2.254089671488878, 32525449.0]
[-0.020556428079758438, 0.32073867015354385, 0.17505687560872052, -1.4596936845759256, -0.08241052748917715, 0.6947843202770678, -0.011784761171854341, -2.25528627106585, 33606774.0]
[-0.01257683084555572, 0.3308116656321367, 0.1682824991583597, -1.466085544475094, -0.06705725455764194, 0.7168382865516976, -0.019457625837573822, -2.392145696513985, 33115463.0]
[-0.0030505773985410878, 0.34253675814594936, 0.16201147415030337, -1.4634117350999234, -0.05575874432957012, 0.7113594457749038, -0.005661794499564776, -2.1167181166174216, 34104935.0]
[0.0066569948643440124, 0.35406742234839084, 0.15573361061209257, -1.4571998123269096, -0.039603702087898734, 0.7408295951343657, -0.018984166402191055, -1.9975073405310388, 32990835.0]
[0.016354281678862992, 0.36496867683581613, 0.15020852366134252, -1.457391500378828, -0.02687902268103204, 0.7440266187538016, 0.00011920951178628902, -2.1918156031631306, 33463033.0]
[0.02553452433470238, 0.37461115378262144, 0.14528631942429904, -1.460971040693052, -0.00832867754327643, 0.7665987552345389, 0.010345317676533267, -2.300154321997933, 32931132.0]
[0.037121779508659025, 0.38706798652905106, 0.14046156000306986, -1.4603019725192405, 0.0003553066236851865, 0.7627963696817682, 0.012472873097649051, -2.1707564341102112, 33968844.0]
[0.0465508125347357, 0.3960683227753013, 0.13563901520420063, -1.4563152892809832, 0.02222379468638369, 0.7960916998186744, 0.0009039812329595664, -2.061877726404763, 32519079.0]
[0.056477396759667675, 0.40545274913952944, 0.1317813943562448, -1.4632351168478361, 0.029066707625314825, 0.7887948412593355, 0.03074906246436264, -2.3997242266929213, 33776420.0]
[0.06808745481317635, 0.41625474881008684, 0.12774107227688014, -1.4609921286019758, 0.04682454739726993, 0.797755989184577, 0.021394992413376057, -2.125358519515083, 33918030.0]
[0.07881553994669876, 0.4254282316321577, 0.1237729261475583, -1.4574877710605945, 0.06862824203669712, 0.824501806826984, 0.014995328815270534, -2.079237095799929, 32752670.0]
[0.08920181516508352, 0.4340301423302739, 0.12021266344654424, -1.4517757831263312, 0.07503419400243114, 0.8228391866510141, 0.026143735135894686, -2.007455473018833, 33558829.0]
[0.1012799139379883, 0.44405811536217804, 0.11701523573676531, -1.456704725508447, 0.09292203238059711, 0.8294169127882738, 0.03442221933461209, -2.330415293881376, 33908938.0]
[0.11225439848166163, 0.45254954429142064, 0.11395720068952864, -1.4596001723575038, 0.116341441007759, 0.8690053566317884, 0.030751996364088346, -2.278971484576688, 32325636.0]
[0.1229548671884626, 0.46035686510720464, 0.11105171794126445, -1.4597988017905088, 0.12369630221758204, 0.8544616945584242, 0.03629238050165243, -2.195568214749864, 33837994.0]
[0.13513997159017643, 0.46916415636543474, 0.10824113493211018, -1.459783282752807, 0.1501384294832134, 0.884508731623618, 0.03270599923868836, -2.189198079133115, 32545246.0]
[0.14811028131676285, 0.47840047793264223, 0.10562970842503927, -1.4583797341914229, 0.1606575052892137, 0.8732702808171298, 0.04008308270461371, -2.1466634090300736, 34311396.0]
[0.15800495107620272, 0.4842577581136685, 0.10321534819134304, -1.457006791981813, 0.18268404146390907, 0.8986069808845525, 0.04040539738529664, -2.1439234760707553, 33013964.0]
[0.17072164361029274, 0.49254465027415983, 0.1010178514782345, -1.4596790254353582, 0.2016824634164585, 0.913690162983071, 0.044713029005851695, -2.2702713135090193, 33091537.0]
[0.18300508500127066, 0.4999205280711592, 0.09890170255150732, -1.4564416368506554, 0.22387069059514444, 0.9256470802882276, 0.044672050664006244, -2.0865688014522714, 33003038.0]
[0.1948682830431664, 0.5066808966538732, 0.09737752991786419, -1.4628917082422073, 0.23526436655920824, 0.9179232009148158, 0.06273412297625769, -2.3821520157208895, 34342785.0]
[0.20737702875130493, 0.5134282283197592, 0.09561189383869928, -1.4617157962511351, 0.26732933714591145, 0.9503663790633387, 0.05154458211659778, -2.1568571623812964, 32923465.0]
[0.21930858110386697, 0.5193978327332172, 0.0937112875087025, -1.4579474739946021, 0.28912590779784986, 0.96469869924975, 0.045111774512834664, -2.0719831219873774, 32785670.0]
[0.23256736250445542, 0.5260469809229207, 0.09230767126870654, -1.4575481664768717, 0.30322794624140625, 0.9545393950308386, 0.06042562380619287, -2.1746262779298533, 34140602.0]
[0.2447975985122398, 0.531664828396546, 0.09120182046337022, -1.4621263922173164, 0.33484249639386987, 0.9950132407397074, 0.06625370498568164, -2.334232445016023, 32459820.0]
[0.25744028950788633, 0.5371169388418029, 0.0901301750699961, -1.4592785342498018, 0.3529875261625223, 0.9881603290742098, 0.06722614760520143, -2.1040994357246063, 33575959.0]
[0.2708175042705001, 0.5427552347307012, 0.0893657220980989, -1.4616316788987092, 0.37426875144884353, 0.9914868708722149, 0.0759552465492217, -2.261236361854977, 34208231.0]
[0.2844759549118576, 0.5481859785471803, 0.0886035194961372, -1.456906874103804, 0.41349308631953785, 1.0406988744061505, 0.07352291958346274, -2.0369531503005702, 31836771.0]
[0.29682482591457116, 0.5525283798312357, 0.08802412302315354, -1.461132456256236, 0.42227857776126504, 1.0154492287589159, 0.07995395318838111, -2.314751697767007, 34339526.0]
[0.30998575734809497, 0.5569728214995413, 0.0876996630562088, -1.4575899740816427, 0.46055768823866094, 1.054431373325131, 0.0865064630206693, -2.0776062433705786, 32565949.0]
[0.3238214107790963, 0.561519719234296, 0.08756301531199195, -1.4588894386627282, 0.4814186222706469, 1.0538931747681426, 0.09222862011772912, -2.227235023406587, 33404516.0]
[0.33776175805668496, 0.5658150079892428, 0.08752560407096233, -1.461265847590265, 0.507247368118007, 1.0654099983995469, 0.09516513203146836, -2.262599987648718, 33611995.0]
[0.35097916941371005, 0.5693243084672389, 0.08799177341053, -1.458682534186574, 0.5332428536907221, 1.0763881473186765, 0.11064038542063397, -2.111276089284725, 33659810.0]
[0.3656235723888748, 0.5731930035708384, 0.0879517757446372, -1.4552153335814655, 0.5667281559860229, 1.0914803201698189, 0.09555132086383254, -2.0791795131871096, 33453145.0]
[0.37951475998376344, 0.5764541517720695, 0.08843448048441682, -1.4573387496474228, 0.5927512773292511, 1.1072011308035528, 0.11174930312725108, -2.2496676388240466, 33355832.0]
[0.3921402419997727, 0.5787364450744705, 0.08913641967496222, -1.456312093708008, 0.622042342936477, 1.1201721634947182, 0.11911636115590175, -2.1536565805176697, 33320479.0]
[0.4074054114083914, 0.5819623334119872, 0.08978810349194088, -1.4542599973425625, 0.6550546470271529, 1.138799850555866, 0.11852923597858359, -2.1191601410221392, 32976075.0]
[0.42130476111833115, 0.5842648968021908, 0.09070121272054288, -1.4581727284769617, 0.6834875683700895, 1.1492670541767867, 0.12726638874493262, -2.305077151499256, 33209944.0]
[0.43463132089945206, 0.5860133216123435, 0.09179910723084694, -1.4603159510630803, 0.7087468481885258, 1.1515781910822533, 0.13319607869993227, -2.2533655173632656, 34078047.0]
[0.44945038477601995, 0.5880663600527749, 0.09328713100583153, -1.4602119491148036, 0.7517386562803077, 1.1929935894524757, 0.14881074793949298, -2.1870892387009944, 32211860.0]
[0.46352383685213083, 0.5895198705828426, 0.09468673900329694, -1.4620849125169404, 0.7738028662531783, 1.1818369476767587, 0.14533135282573797, -2.248229246345673, 33990918.0]
[0.47711803527354435, 0.5904359276534761, 0.09571867197592865, -1.4585634745718488, 0.8138519838581364, 1.2103002982771094, 0.13665571673328566, -2.0808125563047573, 32900594.0]
[0.4940034419478072, 0.5923157947512063, 0.09730689901084388, -1.4594115093687174, 0.8253332726400473, 1.180172282908316, 0.1507006451466956, -2.2124311796398946, 36374619.0]
[0.5072700615606278, 0.5926105125514929, 0.0988422724492305, -1.4575452624628988, 0.8873575994593081, 1.253828058335213, 0.15663332577634304, -2.1280871312568888, 32049158.0]
[0.5211422943045514, 0.5927686491764357, 0.10091536970337223, -1.4614774601968612, 0.9171462959385877, 1.252282547196497, 0.1738845950204554, -2.3114809778685244, 32970316.0]
[0.537117291551666, 0.5933727554963041, 0.10284298581173246, -1.4638129131821627, 0.9496665929721365, 1.2697997439701194, 0.1713837593229517, -2.2663015036838465, 33088444.0]
[0.5519297810906101, 0.5931972602200988, 0.10467259931876671, -1.4620821877921149, 0.9791249148680847, 1.266720060407806, 0.16864655777526777, -2.142508547309483, 34194102.0]
[0.5647517764126492, 0.592268782387585, 0.1063708787901394, -1.4605755020799291, 1.039732845419001, 1.334728859469727, 0.17233789220213874, -2.141775450045017, 30693688.0]
[0.5806222740241962, 0.5918906547680328, 0.10871671153204332, -1.4609882556024942, 1.0527444957841618, 1.302814378146891, 0.1888051524282433, -2.2036611994896704, 33891104.0]
[0.5952310954408825, 0.5907577753927764, 0.11029056088546618, -1.458918776479163, 1.094947959898658, 1.3231204715428895, 0.16870320554607052, -2.126072743221362, 33215073.0]
[0.6094451783561474, 0.589422605701715, 0.11248121051010018, -1.4599896097225729, 1.1264620884998702, 1.3340342399022767, 0.18854703684541474, -2.2216686021415013, 33797087.0]
[0.6250429745444457, 0.5879956702533975, 0.11461001654170877, -1.459017826265249, 1.1625865823374477, 1.3460041559954308, 0.18885340339859552, -2.1598670670531654, 33907696.0]
[0.6395576352403758, 0.5860386254108432, 0.1167557949529886, -1.4589232818207796, 1.20522013186896, 1.366628934580279, 0.19260262840631714, -2.185557493988076, 33438312.0]
[0.6544088687559633, 0.5839671261327438, 0.11926710084173475, -1.459010511116622, 1.251304225799529, 1.396323822540399, 0.20797501538932012, -2.1911827338609275, 32707300.0]
[0.6695492603610875, 0.5815711194612153, 0.12112091390939694, -1.4589255247279478, 1.2814897517599109, 1.394680826291906, 0.1881188882244099, -2.185872093274819, 33775772.0]
[0.6852548439921, 0.5790056191119486, 0.12367526798800976, -1.4586388312791707, 1.3265746125084588, 1.4212974694646947, 0.213119995509233, -2.1793073207679092, 33140203.0]
[0.6997436662225702, 0.5759825515113497, 0.12591194905205083, -1.4575840105291527, 1.361073319967029, 1.4284668182836597, 0.2048637034200803, -2.155080317792993, 33704976.0]
[0.7153863438568818, 0.5727938713029839, 0.12776847214073916, -1.4623671645896834, 1.413837569381874, 1.462528809173444, 0.19776295947374953, -2.340966520669616, 32446691.0]
[0.7300982335229321, 0.5693333649480289, 0.13029869370218827, -1.464067306724324, 1.442688839541105, 1.4620465685231876, 0.21775282012154984, -2.2461091558810464, 33997270.0]
[0.7438739750509997, 0.5653777745018527, 0.1324380307259062, -1.4621719546166694, 1.4923477399313463, 1.4843007806417845, 0.21004434142038458, -2.136235773600892, 33238870.0]
[0.7604369796274855, 0.5612434145570069, 0.13423990818659282, -1.4599162773579126, 1.5301277490524006, 1.4946747725734981, 0.2013016174434658, -2.1227281287157695, 33593477.0]
[0.7750280993872657, 0.5568987241582345, 0.1367338075904616, -1.4606995188199479, 1.576400733012703, 1.5209628792700647, 0.22559686312653887, -2.214663571056231, 33168110.0]
[0.7879751746869653, 0.5521599591745292, 0.13850865856374073, -1.459804966688943, 1.630947352478553, 1.5544696195407783, 0.20825103015913082, -2.161537273316248, 31755290.0]
[0.8048725885370243, 0.5471939630881366, 0.14047030288546425, -1.461794874287301, 1.653148748723678, 1.5350816647197045, 0.21135476494980163, -2.250348654178362, 34513247.0]
[0.8184688902985633, 0.5419417373037997, 0.1425625885420032, -1.4601020425769382, 1.7068523747007198, 1.5699724070586933, 0.22002780909870454, -2.139011799088921, 33101092.0]
[0.8335734790684111, 0.5363294106837007, 0.1442796785883914, -1.4546451178424695, 1.7386817565516226, 1.570648623670746, 0.20889043420911182, -2.022486409978415, 34216713.0]
[0.8493214648794415, 0.5305622218259243, 0.14662983226703385, -1.4620399617169768, 1.8000813473225399, 1.6075126500661465, 0.2325777571596982, -2.417360599597878, 32968445.0]
[0.8643551258311055, 0.5243471109410932, 0.14842162359954225, -1.459203973358999, 1.8351001891467982, 1.6082967930868521, 0.21593786636221546, -2.105435158941826, 34016566.0]
[0.8785465417374615, 0.5180743367318499, 0.15027993434755127, -1.4623816845705944, 1.8892879969526992, 1.6450389894656023, 0.2218910925569314, -2.29032973352034, 32842114.0]
[0.8939512518671099, 0.5112335573594065, 0.15162325498404938, -1.4618447297359665, 1.9376806135249671, 1.6558803197393412, 0.2074216434223448, -2.1765239655527204, 33057352.0]
[0.9061335191736931, 0.5046282540536385, 0.1536046863915983, -1.4595065755462708, 1.9800210311774769, 1.6826935251337551, 0.22959055506589293, -2.117719898547436, 32683189.0]
[0.9218196442447535, 0.4971580841411957, 0.155275704039048, -1.459937652157141, 2.0249026452681935, 1.6801319143229247, 0.22029392587164642, -2.2026737056316628, 33764309.0]
[0.9377306340725777, 0.48939213109157276, 0.1569107954022526, -1.4595236774791944, 2.0766958854411044, 1.706025115298473, 0.2216674577736106, -2.176863024541648, 33324609.0]
[0.9521241038981759, 0.4815736899918488, 0.15844246012030527, -1.4595099644637397, 2.116689453550076, 1.7179028529407971, 0.21956820088986023, -2.1888595408452924, 33825401.0]
[0.9651931493900948, 0.47375797173401213, 0.15967507982067175, -1.4668013697745628, 2.1768325728351345, 1.7563360292445955, 0.2137157749488136, -2.425419158424109, 32375007.0]
[0.9817033709919382, 0.46483295598370555, 0.16149061511453666, -1.4590310209110564, 2.201682212241602, 1.7334901567815508, 0.2287009211091674, -1.970008404137758, 35556033.0]
[0.9950824613763635, 0.456353452562717, 0.16258148987187204, -1.460034810559251, 2.2871445095323253, 1.8081147276144054, 0.2137873540648029, -2.2222100364463224, 31214480.0]
[1.0084602808268348, 0.4476931431947313, 0.1643817668624341, -1.4627621079679138, 2.323169870637952, 1.7993717349488243, 0.2349815012265267, -2.276194244467688, 33239018.0]
[1.0242404416906734, 0.43786714064166354, 0.1651760866507046, -1.4640552711807824, 2.3539454878769672, 1.8007275710841668, 0.20483579660964918, -2.2337585564322198, 34323581.0]
[1.0379491296853793, 0.42852765718458563, 0.1667971756500226, -1.461402389145608, 2.426067460652213, 1.8439702373257418, 0.2328564251586452, -2.111294896932148, 32829169.0]
[1.0505596541422226, 0.4192255777740922, 0.16821490040814058, -1.4605754568798022, 2.4687198648503537, 1.8599883501792887, 0.22796045744790133, -2.165826381964331, 33028668.0]
[1.0667132922829223, 0.4084228156571693, 0.16939104514364467, -1.4604713849164035, 2.508034450911577, 1.8567107696726841, 0.22041785608327835, -2.187690803587591, 34503487.0]
[1.0785104593673775, 0.3987969938936281, 0.17042962842692289, -1.462831150212246, 2.580084637891944, 1.9097019646818734, 0.21986992672456881, -2.2678567180028817, 32057676.0]
[1.0918927241235301, 0.3883482906061875, 0.17190474506024989, -1.4585761153628454, 2.61942580501692, 1.9114486244516047, 0.23329359656021692, -2.0603721292646497, 33374905.0]
[1.105872709891837, 0.37740992340615154, 0.1729897281457784, -1.4606811755277846, 2.6690047739127882, 1.9254678062400765, 0.22250763148746447, -2.2535322190897267, 33675329.0]
[1.1202451748168798, 0.3659231675706449, 0.17402743122900366, -1.45897424219291, 2.7302030021287202, 1.9527368885955854, 0.22294082907028523, -2.136629015663145, 32931816.0]
[1.1331198125542683, 0.354876961185443, 0.17545658311258394, -1.4619447438976862, 2.7610295395095488, 1.9553389232922096, 0.23419667710478265, -2.278540024666393, 34692838.0]
[1.1471652899065525, 0.3428985066758371, 0.17625260542185628, -1.4628014091863835, 2.8419947410898962, 2.00130156913166, 0.2185064880226659, -2.2207070061428964, 32321025.0]
[1.160406818757358, 0.33096591647686113, 0.17779207459358748, -1.4565092978099734, 2.873215841305767, 2.0018777741171463, 0.2408453595654013, -1.99971994362379, 34003325.0]
[1.1720528310896294, 0.3196130034011664, 0.1789376754083971, -1.4605268933330406, 2.942848232701255, 2.040243355905815, 0.23202678710282562, -2.314219596749667, 32549783.0]
[1.1871514252531437, 0.3060354371108579, 0.18000820344682178, -1.4573850258670695, 2.9771236130979135, 2.033004870795513, 0.22916479336221104, -2.0946392062413346, 34360507.0]
[1.1988217534363466, 0.29405438034318787, 0.18113024300920966, -1.4587319657679767, 3.0534407044787955, 2.0793416621218084, 0.23377387054428087, -2.229549826872274, 32494062.0]
[1.2105773932595933, 0.28169312966975835, 0.18216693613396973, -1.4601827553047075, 3.080974357006677, 2.079008462605211, 0.23059326610421801, -2.232550698015894, 34316637.0]
[1.2241947307398164, 0.26805051582780326, 0.1832027971906639, -1.4640896455038301, 3.1616784562378806, 2.120647930497217, 0.23335538103549142, -2.316194312383222, 32541190.0]
[1.2362576541032122, 0.25494028183828643, 0.18431255631559185, -1.4632272476780073, 3.2103335033251197, 2.1386995746670596, 0.2364623172285982, -2.1686380992292813, 32912465.0]
[1.247481009292964, 0.24196903391932478, 0.18527161763961464, -1.4606721351736278, 3.253206969779353, 2.1532614455773076, 0.2324696054963533, -2.1146239461695644, 33450774.0]
[1.2614888854726556, 0.22691135910816163, 0.18617403275688793, -1.4588554261505715, 3.298391547577968, 2.157985227995958, 0.23094340737025554, -2.1356349495064437, 34506581.0]
[1.2722939085705307, 0.2136269570430458, 0.18709545777148462, -1.4580291559175325, 3.376915825636799, 2.2045253705628793, 0.23417231381096598, -2.161605891740649, 32481931.0]
[1.283586314777757, 0.19971186364851923, 0.1878302509695441, -1.459379944662276, 3.4263295740203175, 2.2171895966232245, 0.22886824630518163, -2.2299817863362508, 33017038.0]
[1.295654626006042, 0.1849833931862751, 0.18839111104835748, -1.4628424350718598, 3.474173253703464, 2.235127495268592, 0.22395105713507946, -2.2974903448828137, 33542588.0]
[1.3064367511028951, 0.1707012239558281, 0.18855976354287396, -1.4644225985101254, 3.5214858932794812, 2.248186977951547, 0.21235844578643434, -2.2429438154140238, 34121491.0]
[1.317607037317329, 0.15589721199066453, 0.18946130000267736, -1.460202190892716, 3.6034976480404235, 2.2971125132090005, 0.2364845872023004, -2.0588642892460474, 32109250.0]
[1.3294460687111915, 0.140102046175396, 0.18994089559382588, -1.4610264374024036, 3.626158279287197, 2.2828629638919216, 0.22278026975259307, -2.215334552715027, 34639634.0]
[1.3396487059327309, 0.12530362164497388, 0.19025404493483777, -1.4616024173348146, 3.714460010975934, 2.3336088626943674, 0.21899969574332384, -2.2102822100587676, 32216194.0]
[1.3500572334584726, 0.11001428453758322, 0.19050354558916038, -1.4626287334929897, 3.7460000896000776, 2.3370845981122366, 0.21691139171426374, -2.2242080007405143, 33911103.0]
[1.3609838567511017, 0.09387878682414263, 0.19076966011116991, -1.4622207514813779, 3.8143962509630804, 2.365063604406891, 0.2178786644496958, -2.181017153789071, 33131630.0]
[1.3713871802479887, 0.07770737427660568, 0.19088586765894666, -1.4619253071819613, 3.870836133207705, 2.3876938341280107, 0.21350479225278707, -2.1839124836526014, 32916835.0]
[1.380666071222787, 0.06227481674183821, 0.19106604837302554, -1.4610610053642084, 3.9226119869282883, 2.4101425209105907, 0.2156110586705791, -2.1655042336729027, 33131166.0]
[1.3909421784465206, 0.045745319320111055, 0.19123729012872015, -1.4636420110767185, 3.981010572263463, 2.42687119035782, 0.2154756909965114, -2.2725528433434623, 33480497.0]
[1.4009199010670261, 0.028908677307770914, 0.1912200649396929, -1.4608662144620908, 4.038889116847079, 2.4510471470467485, 0.20982260993464794, -2.107589385731774, 33159703.0]
[1.4098434263290809, 0.01276485581541087, 0.19123824080605234, -1.4604874401039187, 4.090621528371598, 2.471926198695697, 0.21090750363090763, -2.1793645377242505, 33323387.0]
[1.4200008652037666, -0.0049076654976063505, 0.19103865461349756, -1.4672952818735416, 4.140165138034321, 2.485299515701864, 0.20429342941772863, -2.40045413738952, 34122602.0]
[1.4278992793941858, -0.020548152907214012, 0.19120477796849267, -1.46227986056276, 4.205591465030231, 2.522274748157937, 0.21530348618626174, -2.0431223029093597, 33369961.0]
[1.4375874070754469, -0.03874738509986719, 0.19109261980655534, -1.4598479139071738, 4.269953025570242, 2.5375288560675697, 0.20679785841399104, -2.1159617877152708, 32948705.0]
[1.4462996063534868, -0.056086096793684925, 0.1908611757338493, -1.4620805517495998, 4.324774397094942, 2.5635101656151607, 0.20293981775746991, -2.260718821858412, 33028167.0]
[1.455284526598843, -0.07414240395888416, 0.19069451588467468, -1.4624488335809402, 4.376873466746927, 2.5846096526282403, 0.2047703775819968, -2.2047079923274464, 33374757.0]
[1.4634210761746713, -0.09174381651537944, 0.19063910742688284, -1.4602425278051574, 4.428888049837341, 2.599596189194805, 0.2080583737261044, -2.1248758016185354, 33690235.0]
[1.4724254276733615, -0.11075127893959902, 0.19033921005084597, -1.4630571747041994, 4.4833809374181435, 2.617758649590103, 0.200565033713918, -2.277252987084331, 34047918.0]
[1.4806494631671765, -0.12919408818197065, 0.19004255052294594, -1.461964522200931, 4.5687468048634265, 2.6664767356153387, 0.19980844644010526, -2.1589201794483097, 32111712.0]
[1.4867793154251925, -0.14509610988365906, 0.189858902654094, -1.462658770748258, 4.608026986745037, 2.677267055775869, 0.2033234090762328, -2.214860779019608, 33261203.0]
[1.4949103953652518, -0.16431077625653678, 0.1896013152591649, -1.4602676650739321, 4.664648945239965, 2.692142628141656, 0.2008619530357534, -2.1189294319901335, 33455108.0]
[1.5027025173838005, -0.18330738315394646, 0.18929286892253583, -1.4624919931677456, 4.727607544549822, 2.723538679552737, 0.19890308180701594, -2.260941505119495, 33098389.0]
[1.509553156322371, -0.20154471428756227, 0.18898868581250428, -1.4611471759643624, 4.764072834877894, 2.7312102539944196, 0.19904207148829273, -2.1526141955961067, 34388525.0]
[1.5168025331807948, -0.22076393930717508, 0.1887675272100603, -1.4624209447235128, 4.850366725521279, 2.7724733819248457, 0.20086428390160185, -2.2326809816695055, 32619282.0]
[1.5240736039983807, -0.24049226421887304, 0.18812906990146694, -1.4671424034454645, 4.886304524613936, 2.779933269948012, 0.18821907699018584, -2.3391714125266665, 34100343.0]
[1.5299819411845303, -0.2583593698196087, 0.1883779125351579, -1.463128106889033, 4.956594696940738, 2.8163385790940167, 0.21468672756842772, -2.0741705897841434, 33307702.0]
[1.5366302459736274, -0.2782227329192339, 0.18814538105774858, -1.4614085016952516, 5.003311287697738, 2.833897771472006, 0.2000539733013249, -2.1410422458531295, 33671199.0]
[1.5422621839168251, -0.2965456527657807, 0.18785118236301468, -1.461171040982753, 5.091025452736267, 2.8708694299785047, 0.19746635730285952, -2.1843550967235186, 32082935.0]
[1.5484879965731992, -0.3165732033834367, 0.1876379343336262, -1.4635173756549726, 5.106329138565064, 2.8697613503121535, 0.20023074569759788, -2.263174412801692, 34556579.0]
[1.5541936884992964, -0.33618319825176507, 0.18732687948778348, -1.4633019313374576, 5.204783483417035, 2.921039181685057, 0.1963536820471411, -2.188230359545186, 32048065.0]
[1.559040412781422, -0.35468249101878296, 0.1871504369491518, -1.4607796595776845, 5.226665867937551, 2.922590436685847, 0.200682638008236, -2.117079999852936, 34043584.0]
[1.5640920931914504, -0.373949503605885, 0.18684144262079128, -1.4636564530329133, 5.314610730005307, 2.9667977913000843, 0.19593963059884392, -2.284731677856153, 32234064.0]
[1.5691813999684072, -0.3940374111783176, 0.18663210484019332, -1.4627004260276322, 5.353827987995794, 2.9787308267117307, 0.19900167480968387, -2.165308143175513, 33261795.0]
[1.5742018778356823, -0.4149286940963942, 0.1864499900930069, -1.4592729707524295, 5.396632559531611, 2.9939081677877715, 0.19972312969137926, -2.08780941804779, 33901622.0]
[1.5789998666008707, -0.43575960423465426, 0.1861320758816748, -1.4572194060182146, 5.44631779335705, 3.0106607287479736, 0.19551444583266697, -2.1262025746879543, 34440451.0]
[1.5831037157056582, -0.45543119621163936, 0.18594254746519967, -1.4612742283519922, 5.543561062169465, 3.0605948620046575, 0.19861656251403562, -2.3185705559269247, 32013639.0]
[1.5874663886251101, -0.4767171008428342, 0.1855710536816264, -1.462758439892427, 5.558234180127052, 3.057202187580899, 0.19335835808938323, -2.2371657361630115, 34494025.0]
[1.591004810873068, -0.49639130689512306, 0.18542079704333236, -1.4631823695484898, 5.647265216508229, 3.1057392770480026, 0.19934378373655198, -2.2078057273685054, 32529468.0]
[1.5946598174629716, -0.5172224369367424, 0.18505906394340166, -1.4652994595174595, 5.694335803737445, 3.117841314840231, 0.19264575131161912, -2.261855337410315, 33128111.0]
[1.5975773382254892, -0.5367089896810827, 0.18468726941164426, -1.4644613826680803, 5.7697954124840996, 3.1577403094694776, 0.19151880026728987, -2.1704602072103745, 31948807.0]
[1.600340113830447, -0.5562607191039977, 0.18450921570259826, -1.4624202256057663, 5.8299754918215285, 3.186943207834904, 0.19734992991893535, -2.1293165174674242, 31737456.0]
[1.6033209734079477, -0.5776893650962217, 0.1841100507538046, -1.4617541129979446, 5.8352597516544105, 3.1774177750506327, 0.19093974556235252, -2.173304681018539, 34466303.0]
[1.6059619246189163, -0.5988219373054201, 0.183754125262368, -1.464134368388272, 5.892929385238619, 3.2027328320182527, 0.19175842597587472, -2.2655584696616007, 34318933.0]
[1.6084149248673756, -0.6201385623378928, 0.1833768927783409, -1.4635248216289236, 5.944203723385448, 3.2227568081327176, 0.19083865790848986, -2.177713495822487, 34685097.0]
[1.6103166078720235, -0.6407789074971428, 0.18291796386499082, -1.4630951746090426, 6.022824136791697, 3.263630738144141, 0.18732420555444138, -2.1816431730416577, 33050816.0]
[1.612187375393857, -0.6622379511118919, 0.1822298283517293, -1.46637872992447, 6.088962100520735, 3.291443213176854, 0.17930653656928028, -2.300471130820836, 32541690.0]
[1.6137541083719904, -0.6838735995838486, 0.18208293922908092, -1.463325883762273, 6.102616463017834, 3.2952906762281575, 0.1960669683385428, -2.1071945057419694, 34772707.0]
[1.6151283666443421, -0.7055728348162972, 0.18161521909998557, -1.465626435990348, 6.170729485292545, 3.321201922676753, 0.1860360397374728, -2.266025372369998, 34039029.0]
[1.6158980699391443, -0.7254725081339874, 0.18116205388639006, -1.4636452160556077, 6.256602823865929, 3.3678502946214692, 0.18521379533718005, -2.1339785581620134, 32220582.0]
[1.616513369074927, -0.7455722100281237, 0.18081925087124362, -1.4654410067657948, 6.318491626855853, 3.3936284451315806, 0.18813352572995662, -2.254568383473493, 31836381.0]
[1.6170503649203243, -0.767397986104118, 0.1803572095226279, -1.466105743624645, 6.339905948898386, 3.40103685477038, 0.18458330611130674, -2.2190264613534683, 33457923.0]
[1.617130327559705, -0.788080372167083, 0.1799787648651736, -1.4631840113921308, 6.404416603230776, 3.4331253237343033, 0.18641491539170466, -2.10551523156669, 32732540.0]
[1.6171572398643823, -0.8096326912771535, 0.17951287465875343, -1.4645288559676146, 6.40381280635947, 3.4254950721415653, 0.18446007298196565, -2.2343310525106634, 35826439.0]
[1.6167805719889419, -0.8308293235361699, 0.17913387480686238, -1.4616043124598135, 6.510821337777056, 3.482885593955031, 0.18543582761515853, -2.102807104157099, 32640226.0]
[1.6163303541294827, -0.8518597205069357, 0.17855144980026838, -1.4659432546528626, 6.543185361595326, 3.485754428471469, 0.17922543413493316, -2.3269108677383366, 33899049.0]
[1.6153673002088913, -0.8713876847966106, 0.17812582703842406, -1.4642424840537842, 6.623388524547346, 3.5346976529016456, 0.18271443591500341, -2.143521284593449, 32185693.0]
[1.6143539473321256, -0.894992417525822, 0.17759291235818797, -1.4662661864538475, 6.631216041883839, 3.5296694031757956, 0.17995540382599295, -2.2578674394057403, 34612042.0]
[1.612936749229469, -0.9148121857688569, 0.17709733238556014, -1.4632112526957095, 6.735039219952602, 3.5857938977814805, 0.17922265057374795, -2.098748921765643, 31799716.0]
[1.611294040022354, -0.9366247163126176, 0.17651992067890698, -1.4621873616074867, 6.726741866144863, 3.577176194677956, 0.17757047149682043, -2.1638426580632033, 34780818.0]
[1.6093867494965783, -0.9584495247677048, 0.1760198671710156, -1.4626029695334337, 6.824231465660399, 3.6245508193209663, 0.17817193797791137, -2.2067452951425075, 32366099.0]
[1.6074176863750724, -0.977982765850215, 0.175148787156012, -1.4663943529724914, 6.861874968180987, 3.6412856997505485, 0.16632851424938455, -2.3142155088932577, 33076704.0]
[1.6049785726977668, -0.9987576162235449, 0.17494605154352283, -1.4637939624794467, 6.894468340931879, 3.6669551160428937, 0.18644332604732078, -2.118766118248857, 33804308.0]
[1.602203962191632, -1.0211991747884444, 0.1743692211072586, -1.4634369560000466, 6.959924696445643, 3.6890162408219003, 0.17433168013284783, -2.184340303325215, 33009909.0]
[1.5993519741759354, -1.0415568175040344, 0.17376074473521652, -1.4643288872194677, 7.020268175536996, 3.7215387157663917, 0.17238928357195277, -2.2239742866887364, 32456339.0]
[1.5962376908716465, -1.0621285542583268, 0.1731814659079327, -1.464313993984054, 7.032326575850678, 3.72790392170463, 0.17359600822607477, -2.1960363999882575, 34269545.0]
[1.5926143694519448, -1.0843604036300478, 0.1726457191155254, -1.464750878638412, 7.065439165653264, 3.744922530195612, 0.1746171255727255, -2.20959741325535, 35031779.0]
[1.589007530134034, -1.1045230636303347, 0.1720637632211851, -1.4667281297482875, 7.134380864230721, 3.778664877225567, 0.1721005285665386, -2.258427598886053, 33894530.0]
[1.584990930354376, -1.1254688511726776, 0.17147925509615936, -1.4649457647786577, 7.196659919534276, 3.810433054798261, 0.17100875781442562, -2.143694056766364, 33175962.0]
[1.580790793102807, -1.1462165798328774, 0.17082779955662053, -1.4636311915174216, 7.278558916414887, 3.8493972984545497, 0.16730835647909426, -2.153873525744541, 31620643.0]
[1.576679565085653, -1.1650175036315158, 0.1702746749153754, -1.463462475253364, 7.3002781747901775, 3.8658357283491243, 0.1703476128143734, -2.190022175258313, 32624004.0]
[1.5721459330795158, -1.18488541972122, 0.1696136185061179, -1.4645596553640516, 7.343986070875878, 3.888300285946402, 0.16640909642898896, -2.230309556779729, 32780929.0]
[1.5666469920971513, -1.2074352821849152, 0.16904199813676857, -1.4639492938213106, 7.351616849726419, 3.8923282434540574, 0.16939152515656736, -2.1782472864910627, 34529246.0]
[1.5612190516791662, -1.2282040843141153, 0.16834498547994292, -1.4632894907519653, 7.444221760925357, 3.939294955173043, 0.1635275679869624, -2.1744381941678186, 32191731.0]
[1.5561990123984706, -1.2468445432602548, 0.167777098703771, -1.4632296681568617, 7.440949141792393, 3.941199761592801, 0.16811217948008939, -2.1931123950899853, 34537468.0]
[1.5505061858749791, -1.2669315328998962, 0.16722066275575154, -1.4647262998299362, 7.510689322173313, 3.977110141650938, 0.16723316309493774, -2.242032745936924, 33300443.0]
[1.5441935282634716, -1.2873455649925984, 0.16674822609164253, -1.4565059704928005, 7.56370163515173, 4.007139448264207, 0.16891124531823987, -1.9322556846278494, 32555338.0]
[1.538250451026113, -1.3069233133698648, 0.16629120852075863, -1.465114237516924, 7.575862789939029, 4.01178230469648, 0.16960985895014313, -2.4483840004164406, 34335193.0]
[1.5313974053016004, -1.327591625158114, 0.1659362919473767, -1.4620405953387456, 7.64150485088524, 4.04779225623272, 0.17180459367130543, -2.1001776033523907, 33091444.0]
[1.5249311632346898, -1.3466367024232992, 0.16558106597602207, -1.4652921284129503, 7.667700323273555, 4.065078762047402, 0.17166345798853158, -2.293826824634321, 33909474.0]
[1.5180669684624135, -1.3658645822453732, 0.1653745845981771, -1.4644673085155264, 7.750053144403676, 4.105828784356824, 0.17547267133274316, -2.1709779557819058, 32065454.0]
[1.5106396588780524, -1.3858472035411618, 0.16515150968154435, -1.4654932262392821, 7.739297888894539, 4.106876665279501, 0.1751885658781132, -2.2280324863434338, 34435266.0]
[1.503467445765553, -1.4043043205095507, 0.16500758299797802, -1.462579849123082, 7.826746322929811, 4.152588550073625, 0.17704249665651633, -2.1034717372680145, 32228323.0]
[1.4959862406683322, -1.4230417177947472, 0.16489353062141543, -1.4638659405361276, 7.8449935134488555, 4.1660754394279484, 0.17795210059686017, -2.234485528311033, 33243832.0]
[1.4874693943374808, -1.4431689523566344, 0.16486441796855378, -1.4659112340836988, 7.8632572329506765, 4.180637471992729, 0.18049734687838798, -2.2588299334626054, 34109213.0]
[1.4799027618487803, -1.460873714472568, 0.16483853133098159, -1.4665669818341647, 7.922811748620451, 4.210860760734787, 0.18054534971569333, -2.2195339402107495, 33314646.0]
[1.4714418482604468, -1.4798342195647392, 0.16452521804240083, -1.4709011852046727, 7.961973128654423, 4.233625615549165, 0.1715751541828076, -2.336421966212611, 33322035.0]
[1.4618108980112225, -1.5001217796049684, 0.16484963745835257, -1.4636914331307023, 7.9933342619108565, 4.2553630116971695, 0.19100819728611906, -1.9805554747865852, 33536589.0]
[1.4532350730098282, -1.5169252174485617, 0.16436446414919959, -1.4489361251304425, 8.043889479042727, 4.292240168758767, 0.16569967977869202, -1.714138792797925, 32128064.0]
[1.4427247473398075, -1.5352175687645744, 0.16272051732641868, -1.4136448772468067, 7.978328125202687, 4.281859277118584, 0.13255205384587018, -1.1235106555203225, 35398979.0]
[1.4311100219259427, -1.553556164588819, 0.15932216527918752, -1.3689797113593263, 8.036333091252862, 4.326241839239763, 0.07014700006103858, -0.6720239203138811, 32332192.0]
[1.419201479406464, -1.5705790946681062, 0.15381431943146118, -1.3209976344960812, 8.007960428949055, 4.3353289729618405, 0.0032910383552818834, -0.5362031533933727, 33198851.0]
[1.4067988736018715, -1.5865568464543234, 0.14614591752322448, -1.2811921432976305, 7.990607495988816, 4.353042105497549, -0.06895005794521797, -0.72939610103339, 33382887.0]
[1.3924120732564236, -1.6036350415286562, 0.13657229460159337, -1.252332379577112, 7.980338500693904, 4.378855570267862, -0.1364192725581586, -1.0143934537850163, 33398441.0]
[1.3781382035930292, -1.618771258882365, 0.12495129418843265, -1.2323781252309571, 7.9725654590510855, 4.4037433782297555, -0.2090767693571054, -1.2535571471082738, 33535996.0]
[1.3629890545376147, -1.6330691467740106, 0.11132860360517072, -1.2216602353284751, 7.969849192925593, 4.43893248475203, -0.2888052037474166, -1.5089191143913117, 33123741.0]
[1.345940132984881, -1.6478879996207403, 0.09609486069345019, -1.2016289858570206, 7.953024118037505, 4.4630911115687475, -0.3478048991208416, -1.2061122360600798, 33590810.0]
[1.3278622733187162, -1.6622279893024692, 0.07918915149330008, -1.1812305475954916, 7.933216428747928, 4.48271282273554, -0.406777552848446, -1.1759231541941435, 34230009.0]
[1.3111450378076661, -1.6728526146691673, 0.06034599280060138, -1.1557714981913647, 7.947341148539006, 4.53640056913911, -0.53172710457336, -0.9255521070377374, 31504625.0]
[1.2897408362124345, -1.687364533468667, 0.039198931024124084, -1.12549748794804, 7.88431752107942, 4.523509616600704, -0.581419884091181, -0.7941602615028825, 33860290.0]
[1.2693559075128245, -1.6988326571913204, 0.017051102618544922, -1.0931934841539774, 7.8720022142932, 4.560472298934057, -0.6521495115812941, -0.6612319372833568, 33011834.0]
[1.2468441864847282, -1.711245510837982, -0.006573875968682863, -1.068935172556487, 7.838393666444523, 4.5700518559481065, -0.7016582384324977, -0.8903597448134548, 34020825.0]
[1.2237844889033616, -1.7227217939148702, -0.03148945400951719, -1.0491528465247733, 7.818294744447015, 4.594881721602847, -0.7799126296110298, -0.982000762397157, 33431423.0]
[1.1999952268336311, -1.7334087137693923, -0.057612771485582526, -1.0248368600972961, 7.792556325974713, 4.616925132966634, -0.8498871426117942, -0.8051567832960316, 33214091.0]
[1.1753884920160558, -1.743664157426522, -0.08462112451127113, -1.0129319806986765, 7.764573085202207, 4.629113777904476, -0.8889943274084783, -1.1685722270727272, 33933882.0]
[1.1496015260298227, -1.753646454885315, -0.11269076942482426, -0.9960194317119051, 7.741699304382585, 4.657647627709001, -0.9788699558195136, -0.9789279002978815, 32833446.0]
[1.1219250759032486, -1.7640017057552717, -0.14158780850133978, -0.9736132884539145, 7.704616362010932, 4.66869293391969, -1.0246151487375246, -0.786717919044834, 33258240.0]
[1.0950608313885577, -1.7725506328346716, -0.17088047735839584, -0.9648172736221238, 7.681319522869438, 4.685398518063428, -1.064172140361333, -1.1841191230944303, 33431349.0]
[1.0660240204047429, -1.7816780935732788, -0.20016764858506075, -0.9429119861599295, 7.642328586138791, 4.698061967709919, -1.0951829973465406, -0.7599143496603821, 33471107.0]
[1.0366098536757855, -1.7900864562352143, -0.22889786366691744, -0.9254989620286066, 7.610326045356983, 4.716484863026525, -1.1255780716425945, -0.8586549939912633, 32879984.0]
[1.0060616636741333, -1.7984159957742287, -0.256833124758473, -0.9015828967044734, 7.571944162029401, 4.719990718981152, -1.1153957263975136, -0.639325864089914, 33540588.0]
[0.9746826139537752, -1.8064597464453531, -0.2835858595483467, -0.8843792777897422, 7.532077370500357, 4.732566718972646, -1.1203736718548727, -0.8067002588100617, 33092241.0]
[0.9422606439890011, -1.8142563992492837, -0.30913488364071595, -0.8572984221118585, 7.491092824971473, 4.73666818388586, -1.0948698369801106, -0.48586967004626447, 33847771.0]
[0.9094357772244529, -1.821542820952432, -0.33336784711774037, -0.848152183937124, 7.454236364050028, 4.754538803195218, -1.0997546206936724, -0.9955534978293352, 33057723.0]
[0.8748537326144531, -1.8292272434677952, -0.35633565451241656, -0.8310770248433375, 7.409458835935325, 4.754416202794747, -1.078156211809329, -0.7364775056927143, 33471645.0]
[0.8399463008541979, -1.8364073081529297, -0.37843681305281396, -0.8154189722447075, 7.365736362654416, 4.760160239675074, -1.0831821799587198, -0.7506472691044014, 33140055.0]
[0.8045028248264611, -1.8430569320855388, -0.3994523291848262, -0.7960036677815695, 7.321617718500198, 4.76520237761169, -1.0667080881426456, -0.6144610936512513, 33500978.0]
[0.7675884587898447, -1.850275457281941, -0.4197910015127735, -0.7890051332559056, 7.2825134424484155, 4.764853940019, -1.0710123931585267, -0.9738675059337447, 33383553.0]
[0.7304059310038773, -1.8565683437689076, -0.4398064966218307, -0.7655766314794352, 7.220140157419822, 4.769978123209312, -1.0875259604344933, -0.44167766305359557, 33152573.0]
[0.6930238894902927, -1.862711670539459, -0.4595778009325744, -0.7510237401521218, 7.183510683793123, 4.770020343658692, -1.103823625118649, -0.6861589536723282, 33046464.0]
[0.6532952720542062, -1.869489925661203, -0.47932241254283325, -0.7370233021531476, 7.125496881652498, 4.765161331846192, -1.1175235194618622, -0.6869892345501855, 33450200.0]
[0.6138370060653259, -1.8755590326291087, -0.4992839169272443, -0.7199259687556483, 7.0723676430772455, 4.762547427801417, -1.1484103318360923, -0.5666666940912531, 33313702.0]
[0.5734677462312675, -1.8815443053606664, -0.5193367858180935, -0.7072075379911147, 7.023421422882153, 4.7565716376238685, -1.1594622627840832, -0.6877536310633297, 34092398.0]
[0.5318964069144677, -1.8879046525971894, -0.5397891763311369, -0.6990376828274861, 6.958870882242008, 4.7492784177188145, -1.2144995808249122, -0.800600846887952, 32948853.0]
[0.4904748569638432, -1.8933277023607622, -0.5602514367045186, -0.6706052901553533, 6.898716696560268, 4.751851279713967, -1.2368597656652716, -0.1436051158998436, 32972631.0]
[0.44857594799670747, -1.899179344744463, -0.5808174979947538, -0.6635450756771323, 6.8426243582623885, 4.7284221642051385, -1.259812854267604, -0.7821614251584663, 33122259.0]
[0.40351862210353995, -1.9058185739254037, -0.6011850087607398, -0.6604973944603538, 6.809259404015034, 4.724257008365, -1.2455926832105528, -0.9033163041270191, 34858614.0]
[0.3614565133444818, -1.9107393400428447, -0.6212056644541184, -0.6465394465243773, 6.704953647334567, 4.714569050178514, -1.3096485800513114, -0.5331514062004152, 31965418.0]
[0.31649393322937436, -1.9164053531076353, -0.641041875832469, -0.6235676930284966, 6.659420645226301, 4.704032293693728, -1.2970588466216906, -0.24987414229598237, 33512051.0]
[0.26950678658301686, -1.9226680761517017, -0.6602143467579218, -0.6109585429957883, 6.584792835651518, 4.688143639783011, -1.3056230103403779, -0.5353924852439969, 33090945.0]
[0.2240274877984571, -1.928203221211164, -0.6791030616405203, -0.6026628828468367, 6.5170219990705425, 4.6666072513353685, -1.3159436056636657, -0.6541280982683301, 33200406.0]
[0.17841607314569127, -1.933841674535583, -0.6973374462965465, -0.6126176162074859, 6.474757444673869, 4.648118273184837, -1.3134883446235421, -1.2172330121863646, 33370813.0]
[0.13216759733831393, -1.9390386388256562, -0.7149935814420716, -0.5999486803636436, 6.309653573488995, 4.626328586148607, -1.3854441230816605, -0.47015319522672383, 29478421.0]
[0.08355713072779766, -1.9448077363777374, -0.7321856587727538, -0.5781588211065946, 6.311389052425418, 4.6111198186314475, -1.32041009364999, -0.21450120714476972, 33382294.0]
[0.03556973894611226, -1.9503360622694228, -0.749243786286117, -0.5667522700607129, 6.239205623885028, 4.5885622251993246, -1.3363533556600462, -0.5076367383706578, 33304609.0]
[-0.01406123814123228, -1.9561040754377919, -0.7662671597809965, -0.5390709003662668, 6.1488695379008345, 4.56362396573702, -1.353318353974616, 0.02138476060307215, 33351405.0]
[-0.06494409069031792, -1.962087814688287, -0.782807172002643, -0.5214007174841231, 6.067568950837884, 4.5419755585141015, -1.3588171357562353, -0.2503622422682158, 33230943.0]
[-0.11634953106185839, -1.96817471384144, -0.7996351033437281, -0.5164785139923934, 5.987832783856423, 4.513223543758503, -1.3805370835514637, -0.6281922690968411, 33592811.0]
[-0.16709541966168817, -1.9742860867619387, -0.8161090235297686, -0.5196599142875552, 5.919338428632832, 4.477356543813221, -1.3886825133342913, -0.8743032797150085, 33554329.0]
[-0.2187634627337773, -1.9806187486944276, -0.8326700038337393, -0.5248056595123802, 5.832971670186234, 4.439197645805495, -1.4135133650175435, -0.9418129351153374, 33283294.0]
[-0.27173695223586947, -1.9867700980904566, -0.849214409261237, -0.5153033146993364, 5.743953996928358, 4.4129256493184394, -1.4305446982511403, -0.4878405831868994, 33328184.0]
[-0.3237091142015496, -1.9927044514471473, -0.8655049214057575, -0.5005165426024186, 5.641163900499018, 4.374992441021401, -1.4464127596270036, -0.3020504677270231, 32952908.0]
[-0.43329604817327705, -2.005302747541573, -0.8980296678329123, -0.47613683438559296, 5.365511165097969, 4.399131225606176, -1.472412785545284, -0.35097651084782566, 67119436.0]
[-0.48873599275611523, -2.0122114164572174, -0.9139825618613218, -0.4767385370649439, 5.381276304017362, 4.264194073329561, -1.4869358962462482, -0.733270841112556, 33127870.0]
[-0.5438843190464632, -2.018517696037043, -0.9297081565091492, -0.46977159037289634, 5.277805626559436, 4.236352877158684, -1.4969663351531997, -0.4945327544286865, 33156259.0]
[-0.6006941455762626, -2.0254668390678043, -0.9451900356116116, -0.45777132965427325, 5.194707398944119, 4.184157597746915, -1.4993833377768941, -0.330355837987927, 33680106.0]
[-0.6576897941680531, -2.032992969354514, -0.9603621077003177, -0.45517767448482754, 5.086116149775472, 4.120007143096534, -1.5127281927734837, -0.6047572371509714, 33248036.0]
[-0.7143662429802687, -2.0397786903499195, -0.975410585518734, -0.4430763322229298, 4.960197688082191, 4.0916459638298255, -1.52757242142982, -0.29902791259606326, 33101166.0]
[-0.7737496815940538, -2.047030436198023, -0.9904261405091619, -0.43381065535807417, 4.883362317485848, 4.047422873634188, -1.530435140667012, -0.37860802268967975, 34051473.0]
[-0.8329074081372776, -2.0545761704549785, -1.0048740709284223, -0.4346915868543584, 4.747841337330962, 3.9773996818825235, -1.5436465695055397, -0.6787608714831286, 32964686.0]
[-0.89087527352009, -2.062100578116714, -1.01887995420427, -0.4220985929026815, 4.636149463327712, 3.92303464399434, -1.5460853270923576, -0.2507357946288367, 32930428.0]
[-0.952372004664584, -2.070385290465339, -1.0332879563600343, -0.42666785424260917, 4.53660396270445, 3.8593480735198393, -1.5655245036738603, -0.7760228332036856, 33592310.0]
[-1.0123091026092772, -2.078324255841192, -1.0473214796061399, -0.43153471162813156, 4.42703715623367, 3.805340496484118, -1.5743033274582607, -0.7937392118721887, 33235129.0]
[-1.0724106736482706, -2.08631485360285, -1.0611817583256382, -0.42299728453954805, 4.305517602416263, 3.743030703941384, -1.5844845586163163, -0.3775253863267023, 33223369.0]
[-1.1353102189958924, -2.0947678460096233, -1.075015866427349, -0.3968761021979113, 4.1788152671761924, 3.672885959727492, -1.5960955178821936, 0.1855925711577715, 33449811.0]
[-1.1985120672759833, -2.103194251161956, -1.0890414984296628, -0.3868161254375286, 4.048437033165802, 3.6247932649367964, -1.6167094708438918, -0.2798630833974504, 33492941.0]
[-1.2606094698155703, -2.112063293457159, -1.102514281705698, -0.37870447343438995, 3.9226257322623175, 3.551015415532982, -1.6179920094120264, -0.3240793034786422, 33247554.0]
[-1.3238494496435838, -2.121062148510968, -1.1159421464494308, -0.38405086574764713, 3.806284733587124, 3.4822400019790605, -1.6311566910832487, -0.7367803771112414, 33268554.0]
[-1.3879544270561714, -2.1303101080129356, -1.1293267716083113, -0.3764083559123715, 3.6658344858276073, 3.400548969763556, -1.645501234732305, -0.3343648221369462, 33192555.0]
[-1.45087873849168, -2.139453110906082, -1.1419412918758565, -0.3621122786244259, 3.5371075472626954, 3.3444384849673363, -1.6358659176778623, -0.11281859780462505, 33219666.0]
[-1.5165809024692862, -2.149079395735405, -1.1548100996606951, -0.3716186595695561, 3.4278396131632576, 3.262402342598188, -1.6523146571879574, -0.8396345024864502, 33685902.0]
[-1.5819377369314407, -2.1591762776701744, -1.167750632147584, -0.36689993427924894, 3.28417897055071, 3.164806344006124, -1.6717459099539698, -0.4091512435303388, 33419052.0]
[-1.6471751129206136, -2.169184082078566, -1.1799770245551469, -0.36742951293674964, 3.1237227457906087, 3.082471605470874, -1.6710669562140987, -0.5673045295439434, 32770429.0]
[-1.7136677928110637, -2.1796988033032783, -1.1923691171722144, -0.3540695302679651, 3.044889820567384, 3.0229674934911697, -1.6686641163219562, -0.14615802302840708, 34706097.0]
[-1.7795529772169316, -2.1903007305262236, -1.204562989012083, -0.3503779773362041, 2.8055314731575907, 2.901953496537719, -1.70374179879193, -0.4109131289197775, 32197378.0]
[-1.8470053619150109, -2.2010901447131177, -1.2170438970732493, -0.3477629316522235, 2.7244918781715195, 2.836933901367126, -1.7096740450959305, -0.44392667064258673, 33647995.0]
[-1.9152226566606103, -2.212246338683238, -1.2293280778760303, -0.33816821580080897, 2.5762220499999904, 2.7450268391595767, -1.7151149693611452, -0.22384052079003675, 33854327.0]
[-1.9837279841931519, -2.2233265450606208, -1.2414548933149612, -0.3474082557085398, 2.477520293394102, 2.684702760799173, -1.7132652583907366, -0.7860160050099109, 34880761.0]
[-2.0529205560176362, -2.234627405158154, -1.2533961579230533, -0.33230945757713887, 2.262112840258105, 2.5543271623769956, -1.7341368684339786, -0.04908720989380749, 33599403.0]
[-2.1232837793449204, -2.245736856389055, -1.2654171155192016, -0.3266597991569146, 2.2325530882906355, 2.5427040298599657, -1.7169700906031207, -0.3372395865255404, 36986280.0]
[-2.190424585588253, -2.2583781012159916, -1.2773432010731627, -0.31810020461370864, 1.6729752154236226, 2.2083455093725517, -1.8302685867545938, -0.17198201777481564, 28048768.0]
[-2.330872911851482, -2.281593669140114, -1.3013668928971085, -0.30407407478278703, 1.6232823876760032, 2.431823734461221, -1.7827533057253797, -0.2510354617899018, 68394906.0]
[-2.4031495640985168, -2.291908780357163, -1.3131074593021532, -0.2735492760404698, 1.5585180916626487, 2.2224053005509106, -1.7818509300993695, 0.466981801889348, 34793799.0]
[-2.4741021408786272, -2.304096161661332, -1.3251279552855668, -0.2644506002132118, 1.3356892320507898, 2.0814712071078354, -1.815398973836683, -0.12587791491973954, 33599496.0]
[-2.5434708436639504, -2.316165313834909, -1.3364060467135204, -0.26325407092606473, 1.0157018815132055, 1.918336117933772, -1.842881518479925, -0.35532584647666976, 30249562.0]
[-3.09527268907324, -1.0446397348036611, -0.2128514648200488, -2.8772211191437345, 1.757158602382402, 3.8633421987510044, 15.752930328929692, -41.50998926827372, 70278969.0]
[-1.7906891588348417, 0.13071291692889486, -0.19643615679337545, 1.5730635581235963, 3.420068821629368, 5.68878960103774, -0.20758772647985552, 4.661837981627684, 1933021564.0]
[-1.7473516930917294, 0.13899373698976092, -0.19450758985733074, 1.5941460087608892, 3.4048679409049027, 7.504965253982858, -0.1555244698212434, 3.0299986930157763, 33004260.0]
[-1.7051505764601422, 0.14779762675127117, -0.1924514642601074, 1.6262460249466213, 3.4329775482579934, 7.5162480617945935, -0.14804079778019677, 3.433156881584421, 32300673.0]
[-1.6617551580282348, 0.1553504480030119, -0.1907007524871327, 1.6535632089175567, 3.443547839008726, 7.341889473014611, -0.1585590313642243, 3.279426697990981, 34185713.0]
[-1.6162373889521768, 0.1621963175469544, -0.18941803670064794, 1.6970744012020609, 3.485117297732209, 7.419347235645573, -0.16868331785324855, 3.891484801952064, 32329340.0]
[-1.5700883285676865, 0.16689914468389133, -0.1889068879140512, 1.7076612646678506, 3.508463517977444, 7.221703773059872, -0.19283163651405846, 2.8714649803742724, 34154138.0]
[-1.524450148284396, 0.1719017012822871, -0.18825214000106438, 1.7438099535048137, 3.52620981867935, 7.167929521437628, -0.18796652112092962, 3.6708256644810673, 34260564.0]
[-1.475108691244833, 0.17454976457604177, -0.1869136986045674, 1.7498700213605352, 3.571040554925934, 7.128801607112652, -0.1660170902470566, 2.804047720513827, 33809289.0]
[-1.4283852606240757, 0.17900246442777057, -0.1851110250061767, 1.7696650661164226, 3.6278557575747956, 7.203300438267721, -0.14718928396887998, 3.274183084407384, 31943696.0]
[-1.3811709450132055, 0.18333972217380023, -0.1834724109539312, 1.7978213774840628, 3.6226674983385134, 7.006897001443331, -0.15439866342524225, 3.511567090514606, 34554616.0]
[-1.3316973319216925, 0.18641637704983338, -0.18218069016504357, 1.8244888144675606, 3.6434129220008704, 7.031014090185409, -0.1618009862378729, 3.533580099551166, 33466200.0]
[-1.283270267685491, 0.19052689188692684, -0.1812375381944329, 1.8628495426492302, 3.6656650452905053, 7.036983904235029, -0.1708680882515462, 3.953175613669959, 33100945.0]
[-1.2364014380462542, 0.19560530428358214, -0.18130865559759113, 1.8904058631122578, 3.6733928933745874, 7.007314711683275, -0.2015706684294462, 3.661378220657058, 33370478.0]
[-1.190034921215308, 0.2009544017746442, -0.1842562747959251, 1.9304547381313646, 3.6324445589328183, 6.990984509883006, -0.290302531036352, 4.086170896360042, 33640699.0]
[-1.1464509007148136, 0.20632928423689756, -0.18855081088111625, 1.9730602780292792, 3.584312215429277, 7.037899849606766, -0.33947763989901864, 4.269857233805237, 32516690.0]
[-1.062085419758923, 0.21789955549544615, -0.19688505803917766, 2.034299967932194, 3.9418901220729405, 6.144750912128979, -0.33917551610523833, 3.9523238275624237, 67978095.0]
[-1.02336658583353, 0.22377748974241307, -0.2015685931029092, 2.0621019338010362, 3.5482707354433844, 6.999521417142217, -0.36439475617733064, 3.940053171502907, 32827910.0]
[-0.987007641961016, 0.22997245469808625, -0.20561711412999628, 2.0768449150164257, 3.5203054061590864, 7.12372930013461, -0.35826016932012694, 3.5962511088523463, 30651725.0]
[-0.9489590985391516, 0.23475934765952744, -0.20808745222255354, 2.1015676467567745, 3.5260808558451213, 6.859522885526877, -0.3010139881724793, 3.874094295232084, 34254212.0]
[-0.9110018786144967, 0.23814127858013412, -0.20949482185499302, 2.130648852128452, 3.5645943234103172, 6.870376388966002, -0.273245008282658, 4.080386328914358, 32881927.0]
[-0.8734961433492421, 0.24198766039621833, -0.20948914183089284, 2.149478779377041, 3.6190090124732226, 6.828450509511157, -0.23026591185974024, 3.7948956597729615, 32995742.0]
[-0.8328758827429853, 0.24453936293649314, -0.20849489430766766, 2.1547287835125917, 3.6736228332488032, 6.735793899094282, -0.20030761954844012, 3.3854183066063834, 34240989.0]
[-0.794160267130064, 0.247731642673229, -0.2066147179741722, 2.152362481391167, 3.6681762956056185, 6.679693444192027, -0.17314718205655513, 3.1604194810223127, 34735097.0]
[-0.7580454175741242, 0.2537154309955252, -0.2054165203746583, 2.1541258247204764, 3.6927039270775377, 6.684151323004153, -0.19130422569034883, 3.282187675662194, 34576079.0]
[-0.7201237569797003, 0.258452769343794, -0.20540391027691696, 2.1533382493644435, 3.7271662281545854, 6.769008101061088, -0.22555993957464135, 3.2060017055313406, 32807891.0]
[-0.682609831459584, 0.26273408934092257, -0.20671678550915695, 2.1465246063103205, 3.767144240072334, 6.658025904244744, -0.2663520155872773, 3.0175714013136967, 33694958.0]
[-0.6468480041480028, 0.26525744663813927, -0.20855218141171172, 2.0840031617130834, 3.826104508555643, 6.612631734309792, -0.286806653459577, 1.1707403399113943, 31975954.0]
[-0.6103886332784906, 0.26915122082421106, -0.21385435515739104, 2.1012270075626858, 3.8169078635710494, 6.532052195341057, -0.39124321585939964, 3.6586098245163603, 33987547.0]
[-0.5762113794731808, 0.2714575131791979, -0.22022631905249912, 2.0733777088722705, 3.878290192319691, 6.4767132337038325, -0.43915902426013576, 2.2494516042751638, 32359766.0]
[-0.5395615041958904, 0.27179063076907545, -0.2266581813846693, 2.0489272584562155, 3.9456546524126845, 6.353816266764204, -0.44169731499566234, 2.342091931267443, 33434275.0]
[-0.500960020680707, 0.27070884284496444, -0.23337314232809914, 1.9992244360343039, 4.070645756396689, 6.271533081104035, -0.46017060028762147, 1.4928646195484265, 33003815.0]
[-0.4625699736697294, 0.26709676618460665, -0.2408248443584251, 1.9398644601816282, 4.111751585842182, 6.133251310139338, -0.49057603323288, 1.1121283466289889, 33020538.0]
[-0.42660679071854724, 0.2623318025001958, -0.24878074593618016, 1.8867123171584033, 4.1098698203598145, 5.96513608254794, -0.5088286207167969, 1.258935558604448, 33830456.0]
[-0.3898917640954159, 0.25486107185032914, -0.2564507034000294, 1.8260285672927827, 4.144694911684532, 5.86354043478009, -0.5092985909950309, 0.9414424084267814, 33758197.0]
[-0.35632960366046507, 0.2494771695319194, -0.262609707465985, 1.7675704674628137, 4.164693940573247, 5.83446794650787, -0.4767362843270726, 0.8682319624774635, 32784096.0]
[-0.322712822698904, 0.2425097728801907, -0.26756797223245, 1.6988056016524258, 4.197428482201002, 5.709029781186353, -0.442289096333785, 0.4961301933211364, 33509866.0]
[-0.28689961037701694, 0.2312879900171797, -0.2722872354753261, 1.5830067064127382, 4.288541582524069, 5.555119362007624, -0.44123550783256743, -1.1029325710297053, 33300016.0]
[-0.2548716777746143, 0.22191400187353044, -0.2756482465383565, 1.524375050660557, 4.282906585962049, 5.483293963775074, -0.4060468802498181, 0.4926629489792054, 32683911.0]
[-0.22278402757953464, 0.21349432409068242, -0.2758125606361017, 1.5115423140401358, 4.343724739292528, 5.430709925667749, -0.30838829794454226, 1.8772503952191433, 32899132.0]
[-0.18833963658171926, 0.20178448822914452, -0.2736292220619623, 1.5055389706062392, 4.38751043217553, 5.317386352053386, -0.23796601473275802, 2.0850107798677953, 34641800.0]
[-0.1552647227455367, 0.19046913108573837, -0.27053202479922533, 1.4814747031137818, 4.4507820694392, 5.273651473184767, -0.2040872329584968, 1.4957614754937565, 33125815.0]
[-0.12160273864789917, 0.17836633510140093, -0.2662794813819538, 1.4671699404592524, 4.487529576116457, 5.223014608530439, -0.1666307739180588, 1.775983800802217, 33676402.0]
[-0.08795218552982353, 0.16750051335535776, -0.26212312636776525, 1.4502300239306376, 4.566650476820369, 5.206746286246848, -0.16215168651983466, 1.6610621541254127, 32938908.0]
[-0.053067503536934124, 0.15674755058270717, -0.25885079297648006, 1.4362355802140268, 4.6372593693419955, 5.200089099759192, -0.1852229496150638, 1.7287769302992064, 32883502.0]
[-0.016964756862346553, 0.1473010104806483, -0.256356470727513, 1.420382421566516, 4.7413812403407105, 5.181222872839484, -0.20620061677161844, 1.6488657494017402, 32910316.0]
[0.020443080223975008, 0.13498478063948277, -0.2552062930768104, 1.4008535657789183, 4.764641401313273, 5.092203608539011, -0.24752105436740224, 1.537478220004494, 34637783.0]
[0.055344487506117646, 0.1262439942897846, -0.2547480028346729, 1.3951931828678568, 4.8209831440200235, 5.120878497196766, -0.26629398904506696, 1.9207537720014751, 32902316.0]
[0.09141814476369414, 0.11628975329092023, -0.2542113017286911, 1.4053231614853847, 4.8780597269785435, 5.086032418700547, -0.2635852175486585, 2.4108682959491174, 33445126.0]
[0.12833459689017235, 0.10665624803193086, -0.2533469954024501, 1.414523761684288, 4.95535607678878, 5.066528042988226, -0.25302235214716073, 2.3949311087352383, 33683884.0]
[0.16654935413429095, 0.09905622934388075, -0.253646062150346, 1.4414322404900048, 5.08644937199581, 5.120374047211178, -0.28824747813036794, 2.9932287183550117, 32377710.0]
[0.20285677636428578, 0.09006103798317006, -0.25556540576540177, 1.4667467349213759, 5.023356613284472, 5.049731061468333, -0.3365020284968366, 2.930535839471553, 34657652.0]
[0.23798382454288658, 0.07937686204528982, -0.2589397560562152, 1.490268267268873, 5.067909064291019, 5.0357360894632315, -0.38761097207705564, 2.951830150445066, 32831688.0]
[0.2714675390787208, 0.07134065263033884, -0.26192514302245407, 1.5383793138173216, 5.11956783919306, 5.009765984198989, -0.3796097382401308, 3.7820109152764236, 32630004.0]
[0.30439314489186864, 0.0599699879260826, -0.2642107708153292, 1.579859868177051, 5.103560482723063, 4.9805338815324225, -0.35972513984309673, 3.623724524884274, 33080314.0]
[0.3352086989920203, 0.04808201143407065, -0.2664569264458636, 1.5970780584292747, 5.071159844108451, 4.944931773466521, -0.3588697988080868, 2.899763727055994, 34153139.0]
[0.3640976994798254, 0.038174804438922016, -0.2681742436026844, 1.6117415484747228, 5.110892378192729, 4.973316963821089, -0.3481950280476701, 2.8718947118957505, 32278359.0]
[0.3912487123724603, 0.027232591249976956, -0.2685953446573006, 1.610930327718321, 5.066191011553307, 4.9432821118594585, -0.30773937635728227, 2.392730295232939, 34279063.0]
[0.41712872332990947, 0.01692135103938186, -0.26752301067096074, 1.6179678972676717, 5.0916698619792005, 4.97388255794734, -0.261975914327581, 2.6389280199050953, 33199814.0]
[0.44226441097657154, 0.008092336354166896, -0.26510753831197964, 1.6154471122541758, 5.136290542819862, 4.978951370280995, -0.2184854022733933, 2.346849243260441, 33028537.0]
[0.46683875844297057, 0.00017852320086508833, -0.2615125318004574, 1.6129810530771882, 5.176326851943503, 4.969060147083813, -0.18018789484266057, 2.3457465656749554, 33449423.0]
[0.4913859071766596, -0.009783108731433066, -0.25782638204725705, 1.6100821731657917, 5.209125909711933, 4.947923641405411, -0.17487052134572895, 2.329608597789805, 33899215.0]
[0.5156861385651881, -0.017785331661243187, -0.25402854377243145, 1.604438042880598, 5.300735691978272, 4.985141039441695, -0.15910658224685947, 2.227837196713811, 31563217.0]
[0.5398446708898028, -0.026715246068946985, -0.25098113090103924, 1.597174914853849, 5.3150064033992, 4.9118284251558295, -0.18815460717017213, 2.186204980195475, 34659374.0]
[0.5633361373444599, -0.036409669197111166, -0.2482393262784277, 1.5864423949970414, 5.352539782055042, 4.930992397154524, -0.19198265654235905, 2.062281687272956, 33815790.0]
[0.5860449783329615, -0.04417490619514233, -0.24593863413664718, 1.5850440999563087, 5.411981125640773, 4.950267067261471, -0.20015418132277252, 2.3347922173561, 32690355.0]
[0.6087010183917227, -0.05092024593428529, -0.24355785802504215, 1.5746403736661563, 5.462125709707839, 4.951841768394806, -0.19679981798166984, 2.051201066593154, 33478386.0]
[0.6313023695857538, -0.05897809850493471, -0.2417938705334992, 1.559560102587739, 5.5049737212823375, 4.964391735233173, -0.21377774793142687, 1.893122457637388, 33795771.0]
[0.6546420962171366, -0.06573716992858303, -0.24076671216102152, 1.5434269230382214, 5.622791295795478, 4.967405774987942, -0.23286037178746133, 1.812795583272528, 32115749.0]
[0.6802661592029026, -0.0751759644242857, -0.24072604203563364, 1.5205191275563743, 5.7198736806153185, 4.872493387427749, -0.2636190392467251, 1.6163549779876591, 34477691.0]
[0.7062580993538607, -0.08651473475701116, -0.24003618787335235, 1.5089352717427746, 5.823494353821319, 4.837104381120597, -0.24293887015054674, 1.909081343101044, 32693059.0]
[0.7315275976675916, -0.09743798555237777, -0.24015215731700423, 1.4988059679116432, 5.855750926299928, 4.778974330267847, -0.26760490855103697, 1.9479588132365857, 33736217.0]
[0.7572228735236097, -0.10851274255492865, -0.24244212600085158, 1.4505587963985134, 5.9335819979107285, 4.800637304248424, -0.3352299654754388, 0.7316978684558535, 33408922.0]
[0.7809144989411773, -0.12158896761433324, -0.2452096578600842, 1.4027727496743865, 5.917682289623478, 4.767452879176369, -0.34939538148651483, 0.7286144030556048, 34739726.0]
[0.8038137276694255, -0.1315948433322946, -0.24703074021805715, 1.3523160578729034, 6.000665671872011, 4.78802429837443, -0.3276769303735936, 0.47845930751284493, 32552394.0]
[0.8264513915013796, -0.14108452947079386, -0.2487876930061237, 1.287100575681534, 6.086033757410476, 4.784221068089328, -0.3302086710272572, -0.16811208043348458, 31073296.0]
[0.8498536450590606, -0.15631163444531432, -0.2498918146496023, 1.1889480286251328, 6.100437552117904, 4.70300034537352, -0.305887701375605, -0.9729654576369733, 35609125.0]
[0.8705969762978054, -0.16753842380267261, -0.2507547961654937, 1.0762788830873373, 6.151652722008848, 4.7140148664069725, -0.30282684263648024, -1.9101996004721407, 31966343.0]
[0.8869647226644558, -0.17792891065856278, -0.2514497337973003, 0.9770871848832848, 6.062033539198616, 4.736906689067997, -0.297300314878188, -1.4897774438206939, 33562774.0]
[0.9017014244585805, -0.18850161069129567, -0.2507764930469114, 0.8867095651428409, 6.079381931960605, 4.784116473077832, -0.255674687043157, -1.378879128126317, 33362682.0]
[0.9164212096574093, -0.19916389394442247, -0.25010249100236837, 0.8150313799462626, 6.151392726578377, 4.7815447464759195, -0.2544675389519346, -0.9730108864391207, 32646911.0]
[0.931746641500412, -0.20908518326056522, -0.2493399722432299, 0.7559565149861519, 6.215853526207873, 4.758311438333524, -0.2517740507119946, -0.6092087845394223, 33889845.0]
[0.9462666381483149, -0.22161224279389732, -0.24815397207353973, 0.7160780111128869, 6.244715711496871, 4.764609339780957, -0.23902326681983108, -0.06729915937504516, 34937742.0]
[0.9586312488483799, -0.2315274187322663, -0.24622206788637668, 0.6878253259841816, 6.255007695580077, 4.7871073080471325, -0.21211664609683495, 0.17288939306770634, 32896002.0]
[0.9694300569991656, -0.24248943276944437, -0.24368223300712133, 0.687341583025638, 6.254528922123015, 4.770556617090809, -0.19252979808004822, 1.0166285313442966, 33630995.0]
[0.9789943343566518, -0.25449971385093206, -0.24114521341895023, 0.7050286459325797, 6.2802081589234025, 4.8116260931405, -0.18827433974639868, 1.5942536552826003, 32954557.0]
[0.9881372254583091, -0.26472242072729757, -0.23986337542994174, 0.7545589987885567, 6.310848274985974, 4.805791202941359, -0.22455986439870645, 2.6500023224932354, 32625170.0]
[0.997734853769243, -0.27670541816046246, -0.23768478775748836, 0.8206976986775034, 6.358429087227927, 4.765977618057477, -0.19772980602457682, 3.165596570380629, 34188157.0]
[1.010593958018064, -0.28704819724642566, -0.2364139816991493, 0.804100829139638, 6.531927160368574, 4.854651818722345, -0.2204394030493794, 0.6887621467840315, 32078120.0]
[1.0226717622839965, -0.29802225785204506, -0.23527639388964894, 0.8163402333288762, 6.560144916449222, 4.832705824259114, -0.22346876569448298, 1.604685505251894, 32194119.0]
[1.0350760324743467, -0.3094277780182854, -0.23397127665633066, 0.8488482624597817, 6.600729620176752, 4.837580255101455, -0.2193743267516558, 2.219633800103078, 34350544.0]
[1.0472753849931435, -0.3205007978953855, -0.23290181154079304, 0.8625000910316076, 6.6730722565558365, 4.915721602216423, -0.22404864378432618, 1.704063182457813, 33271739.0]
[1.0605520946145075, -0.32856077776854803, -0.2325393829903355, 0.8867083178983495, 6.752044995385555, 4.924568583594763, -0.24463377777673484, 2.0754583921033136, 32477005.0]
[1.0737914784322649, -0.3401610938809542, -0.23412501355669568, 0.9105671761157167, 6.788969554130587, 4.857184989281228, -0.30359568879558896, 2.05888447816989, 34426692.0]
[1.0853448923277813, -0.3529719366107432, -0.23768698070325156, 0.9063910967351264, 6.806528693260035, 4.8711543657136644, -0.36522522070914876, 1.2379263864365047, 34325748.0]
[1.097016727036677, -0.36174275001675943, -0.24166189281039552, 0.8724626957291818, 6.840535489040671, 4.9139585179833, -0.38134194932618753, 0.3227097743455799, 34410692.0]
[1.1052387168196707, -0.37319585594845217, -0.2468227825647311, 0.8794035706355614, 6.844603087810084, 4.931340338749679, -0.4340813472019881, 1.5377540231845686, 31744419.0]
[1.1134763427050673, -0.38267034686794643, -0.2511437181358813, 0.8649233117550877, 6.876695592025223, 4.9503287073547915, -0.4107704166937861, 0.8466091386947149, 32122971.0]
[1.121301062428244, -0.39208869034810206, -0.2553973732687438, 0.8363528132545008, 6.9130346681428385, 5.016348291050891, -0.40529787565883746, 0.41923605652190277, 34204157.0]
[1.1272364819883465, -0.3995039394540388, -0.2609032917254972, 0.8389445149727803, 6.903454881165532, 5.05624514672076, -0.45207030779265606, 1.3361203447937515, 33353701.0]
[1.1301952940189803, -0.40783651058151094, -0.2672746181185661, 0.8194795532752917, 6.875090218459373, 5.084533356659319, -0.4830208000449129, 0.6517505392480354, 33707383.0]
[1.132139806783809, -0.4161033319879287, -0.27260429513136475, 0.7761798452968494, 6.896598573580511, 5.101791802412918, -0.46234669888410973, -0.1557768351492559, 32801651.0]
[1.1341087160676984, -0.42282562902927556, -0.27787480114594776, 0.758301551007884, 6.919151599276944, 5.119323382035898, -0.4619559728173333, 0.607282243140398, 33721809.0]
[1.136809090981377, -0.4289044038690341, -0.2822661691837802, 0.7226582128279545, 7.014698053349004, 5.174790244289666, -0.45599624095904534, -0.09701796274121999, 30180507.0]
[1.1385676793392612, -0.4357133046065556, -0.28550601250357355, 0.6479744726397615, 7.030241596957774, 5.205434588755599, -0.4131330913069723, -1.3119147560308633, 32700429.0]
[1.1397992646919621, -0.4422447692622262, -0.2882399818272978, 0.5776676399199137, 7.043812572580989, 5.221101084230902, -0.3969895228227908, -1.1888660674065115, 34206453.0]
[1.1399534522829393, -0.4516724410523388, -0.28899896130670055, 0.5052570405784894, 7.078850832130174, 5.19803542003874, -0.34065128011587, -1.4128141844218771, 33358183.0]
[1.140100224562433, -0.4580199796712965, -0.29033806523146555, 0.2873496754035304, 7.107246738312141, 5.305811539066626, -0.3569697298471896, -5.687134086581704, 35616495.0]
[1.1403798458527596, -0.46607259102667953, -0.2907182607237264, 0.17255148709390375, 7.144106451204455, 5.2762481986451695, -0.3308130723494636, -3.0695098934120724, 34491154.0]
[1.139123605454075, -0.47597924549310305, -0.29132571126506845, 0.08384385400166552, 7.158592456375678, 5.281894020674357, -0.33867753824104857, -2.5348410554620098, 33341128.0]
[1.1392212165575824, -0.4842855478552418, -0.29370703571801116, -0.029197004672419563, 7.234230942180038, 5.344973486012949, -0.39624186049130217, -3.5168775032611794, 32547708.0]
[1.1373829635569075, -0.4944337085823492, -0.2967658789845897, -0.08512530082320086, 7.215822862949972, 5.345140592027448, -0.4128463169855783, -1.7075074110619235, 35401701.0]
[1.133871738639559, -0.5050660527612781, -0.2997252276854514, -0.15479179779091698, 7.2005175382569195, 5.337470281624548, -0.4213567428888758, -2.3899465700050695, 32286507.0]
[1.1278307138623331, -0.5168266636258722, -0.3026764196353222, -0.2668997096221614, 7.146776011644678, 5.316717712726927, -0.4255416861982001, -3.917886380302007, 31871141.0]
[1.1179189221764911, -0.530182528831666, -0.30414811899321736, -0.3315325198559339, 7.073528185962668, 5.325356354435204, -0.3784773158541116, -2.4258924796639794, 33512922.0]
[1.1073793318888172, -0.5432537181702606, -0.3042982899704181, -0.41512488542218223, 7.079507522624171, 5.354292825748013, -0.3392460644297331, -3.137592376569724, 33238776.0]
[1.0984984300497918, -0.55648882122418, -0.30399977944781553, -0.5059423789486872, 7.140328166393383, 5.351914290691492, -0.3252459266141133, -3.5438337120072276, 32610448.0]
[1.0907793869117637, -0.5717030749181153, -0.30329311103273815, -0.6164890794975034, 7.221287887075541, 5.338916344318594, -0.3122533404613346, -4.267576489385111, 33069667.0]
[1.0817314545513659, -0.5891624317378856, -0.30142777831876955, -0.7365993135727962, 7.22255671801124, 5.314465441609557, -0.275989045909275, -4.683835937130143, 33560310.0]
[1.07044234914179, -0.6044983314076591, -0.3007850920513411, -0.7699408189925481, 7.152581454204425, 5.3686645769490795, -0.31187589518203224, -2.139962157805831, 33847494.0]
[1.0554357517444974, -0.6210571505884482, -0.3001770517334488, -0.7961583714058843, 7.088598408095034, 5.375116758681774, -0.31212863500972887, -1.9732146805072688, 33656383.0]
[1.03913184764798, -0.6376188799918591, -0.30013042909136, -0.8238533399214757, 7.06362262384884, 5.379022395587295, -0.3287346176961879, -2.072673284325573, 33092593.0]
[1.0230162699723375, -0.6544313395689304, -0.3007101350614343, -0.8600038879885078, 7.082304587755181, 5.373151391544644, -0.3485531398566719, -2.398269776997765, 32619078.0]
[1.0072362898841631, -0.6713405030008476, -0.3009250125974947, -0.910719635636443, 7.09425498460088, 5.3557182462509045, -0.33749666793380806, -2.8952999999277402, 33164443.0]
[0.9894551414459394, -0.6911703804161479, -0.3008583177994246, -0.9580741715236099, 7.116825301141495, 5.3377250906205305, -0.3290308214386217, -2.795609501925731, 34858003.0]
[0.9714617495194584, -0.7094469589669584, -0.3003295568433615, -1.0154598829690735, 7.078329584293496, 5.341283972180321, -0.31459301106704307, -3.2346324907156223, 33530607.0]
[0.9502972679495651, -0.7261948066192798, -0.29880494349636577, -1.1089655604158717, 7.00412719513074, 5.401326994614198, -0.283209854927249, -4.4524998706298735, 33525977.0]
[0.9290941047713152, -0.742860568899532, -0.2990689580495878, -1.1763170045649445, 7.009942849737553, 5.418115214883655, -0.33717530218079145, -3.856196130800753, 32199063.0]
[0.9072251469811683, -0.7595505932704811, -0.29878112375608823, -1.262677538183073, 7.030080810357416, 5.434509137987853, -0.32020959035807606, -4.429210807631213, 34064658.0]
[0.8847464830138845, -0.7768701532762595, -0.29790365417394526, -1.3006684454201316, 6.985490836987035, 5.393114059771475, -0.3012721116182575, -3.094965120230241, 33209925.0]
[0.857553221130367, -0.7955561679010906, -0.2964708621807888, -1.3264086697227806, 6.923645456305837, 5.404704995159451, -0.28402230233883735, -2.745864698427742, 34036584.0]
[0.832474459175765, -0.8105606671344979, -0.29653679958942614, -1.3591720980362907, 6.910962628993075, 5.452140370277171, -0.32821713771704003, -3.045777849488202, 32535042.0]
[0.8091669575950555, -0.82282498493031, -0.29893341469466805, -1.397003286030814, 6.98655580599169, 5.53158853626777, -0.39918994298637617, -3.2062059935366207, 34060639.0]
