-0.9413744718075628,-0.3373634595344197,1.0,0.0,-0.12101719299110483,-0.5023813009090575,1.058388206045949,-2.21713598251983
-0.9425528156504992,-0.3340571653314985,1.0,0.0,-0.12546712265074134,-0.5019215618039162,1.0583731943800938,-2.2144065097065764
-0.9433998979234461,-0.3316574024472112,1.0,0.0,-0.1296459613725892,-0.5024854968850053,1.0583755792788025,-2.2138307321716435
-0.9441646209410077,-0.329474078742658,1.0,0.0,-0.13375357826456757,-0.5033652410685635,1.0583878693620439,-2.213410888895736
-0.9451052581366836,-0.326766049402922,1.0,0.0,-0.13806740042031573,-0.5036182462603551,1.058383161771371,-2.2133078231485728
-0.9470311206730961,-0.32114180119794367,1.0,0.0,-0.14353888798374806,-0.5006901980481241,1.058388587736085,-2.2125830766223578
-0.9528154852354631,-0.3035500800453015,1.0,0.0,-0.15342035208443752,-0.48437218134473614,1.0583738198766501,-2.2116679757174147
-0.9576951976426239,-0.28778448257725,1.0,0.0,-0.16247934432279854,-0.47024808655748046,1.0583735122787095,-2.2112921022129877
-0.9619960408959403,-0.2730633942888288,1.0,0.0,-0.17104965286534196,-0.45744473681975634,1.058382367951459,-2.211411281297353
-0.9666622273332215,-0.2560549516162015,1.0,0.0,-0.18023824607482805,-0.4421424642763447,1.0583300022849358,-2.216178792885274
-0.9707699226278621,-0.2400119941192413,1.0,0.0,-0.18901218855240307,-0.4280896128833917,1.0583435500772125,-2.218524874638266
-0.9746118116747035,-0.22390135449378698,1.0,0.0,-0.19765420515049908,-0.4142721927557543,1.058336703265591,-2.2142688463092064
-0.9782045246960392,-0.20764370412848052,1.0,0.0,-0.20614131010111011,-0.40051101025150454,1.058089237678287,-2.209699757091476
-0.9816270551949053,-0.19080965517860507,1.0,0.0,-0.21442776718805243,-0.3863997403317657,1.057128915559668,-2.208838572119971
-0.9845459316913335,-0.17512654964351904,1.0,0.0,-0.2222354630186016,-0.37398434955225796,1.0548226800825065,-2.2153580709432634
-0.9874159104959122,-0.15814493257619325,1.0,0.0,-0.23021298444648455,-0.3603846509211988,1.0506520284486018,-2.1984025952395205
-0.9898805761211363,-0.1419029422460551,1.0,0.0,-0.2375343863738451,-0.34809221152460607,1.0442165547666404,-2.1863747364347477
-0.9920135864517214,-0.12613105999393232,1.0,0.0,-0.2442268255300937,-0.3366379996403506,1.0350573373001148,-2.1850732277708103
-0.9941979514026051,-0.10756594919798404,1.0,0.0,-0.25066640405591006,-0.32239952232023256,1.0218752990794615,-2.183733837856252
-0.9957761208852983,-0.09181457985868936,1.0,0.0,-0.25599782287750716,-0.3117142477287035,1.0046678252020238,-2.1869031161652908
-0.9971110672542424,-0.07595735355517504,1.0,0.0,-0.2608680253001376,-0.30112437328885233,0.9842517060681757,-2.186220755609796
-0.9982026103337713,-0.05992953130840436,1.0,0.0,-0.2654757594018082,-0.2904280391615307,0.9611107587629298,-2.179833564636284
-0.999021730310442,-0.0442219670246664,1.0,0.0,-0.26977205279754995,-0.28021025794204735,0.9358371722815653,-2.1814372528294865
-0.9996894218225596,-0.024921073333153243,1.0,0.0,-0.2741508649889847,-0.26584920688062175,0.9089841565771463,-2.179832426967277
-0.9999684942529362,-0.007937915438920182,1.0,0.0,-0.27824025776737316,-0.2540816821207055,0.8810184915017467,-2.184608846265779
-0.9999612356645344,0.008804951348947227,1.0,0.0,-0.28234530648316264,-0.24244783877327947,0.852294764028273,-2.1845919463139953
-0.999712272240835,0.023986928337461008,1.0,0.0,-0.28650719306754857,-0.23244052703357146,0.823124222454243,-2.185705034724158
-0.9991481435909916,0.04126726497691917,1.0,0.0,-0.29050971531491926,-0.22004957778086404,0.7935749168319481,-2.1800868136706777
-0.9983257954387693,0.057841215076694846,1.0,0.0,-0.2943620779662753,-0.20826508152270018,0.7636213378937954,-2.18701274217339
-0.9972788949283019,0.07372113489756502,1.0,0.0,-0.2981119498925783,-0.1972953471830402,0.7337339122021032,-2.183176106503268
-0.9958061940311863,0.09148783486957855,1.0,0.0,-0.3013449533127973,-0.1840828694979792,0.7039235379806973,-2.1986739640847297
-0.9941462702904467,0.10804255304089341,1.0,0.0,-0.30429219397579743,-0.1724403139684221,0.6740364568388117,-2.1909140528562974
-0.9923536035875328,0.12342740962540606,1.0,0.0,-0.3072568317549349,-0.1618885638871748,0.6447590184546014,-2.193846135633463
-0.9899295488335307,0.1415608997790079,1.0,0.0,-0.3094266052036019,-0.14811201436723126,0.6158016145089794,-2.198085779673004
-0.9876346538092968,0.15677305442897527,1.0,0.0,-0.31158674487789517,-0.1377333573127376,0.5873984467544704,-2.195522869320947
-0.9848485895770257,0.17341642254453046,1.0,0.0,-0.31329846109616555,-0.12566304150192556,0.5596889820648164,-2.186820664620585
-0.9815874673976369,0.19101320333393995,1.0,0.0,-0.31451830823616833,-0.11214347384661635,0.5328745034594239,-2.1892129934381748
-0.978428377416418,0.20658632642620722,1.0,0.0,-0.31565313652444527,-0.10090947455093537,0.5068945938414412,-2.1908066574525233
-0.974981069921516,0.2222879063167764,1.0,0.0,-0.3164506923469035,-0.08947203338048991,0.4817209309983336,-2.1868790650815826
-0.9710227812846154,0.23898694153926042,1.0,0.0,-0.3166263167876445,-0.07673232275443172,0.4576706503341044,-2.17904670371506
-0.9668889928808114,0.25519732648664284,1.0,0.0,-0.3164069292701616,-0.06432277769541463,0.4346690931322321,-2.1922838019426116
-0.9624702757608752,0.27138711884830646,1.0,0.0,-0.3158157219427984,-0.051817675219484854,0.4128609750115891,-2.189920890734505
-0.9577019736317525,0.2877619323361694,1.0,0.0,-0.314544562555941,-0.039062280292545326,0.3916206977743728,-2.1891563851267652
-0.9535223992989794,0.3013221432870767,1.0,0.0,-0.3138622186190241,-0.029262082970306413,0.37202235963096564,-2.199961436219966
-0.9477388995840924,0.3190469843379398,1.0,0.0,-0.31120605896167647,-0.01468827829905378,0.3530077569983254,-2.1889329082674895
-0.9422537494484817,0.3348997934461559,1.0,0.0,-0.30865699084248227,-0.0019770134931507144,0.3352004342454951,-2.188418571021502
-0.9366270418925502,0.3503281096281185,1.0,0.0,-0.30571558437479374,0.010328797962124436,0.318726974227655,-2.1931662580000957
-0.9310473209831164,0.36489845997230774,1.0,0.0,-0.3025796710568885,0.021745425287307107,0.30282665174020085,-2.189815620112383
-0.9245260233079521,0.38111892137019904,1.0,0.0,-0.2981769307244476,0.03515829418406688,0.28829000711086084,-2.187297949032796
-0.9175604241263126,0.39759636325945125,1.0,0.0,-0.2929947981205443,0.04907030532592202,0.274589785171738,-2.192038584100947
-0.9115267256595777,0.4112408399081114,1.0,0.0,-0.2885824663037628,0.05965338316578733,0.2614001087215741,-2.185482160299437
-0.9046328773639906,0.42619169066530044,1.0,0.0,-0.28303505871564416,0.07192159248556398,0.24971855990035147,-2.192796286513772
-0.8971526642919424,0.44172060960959164,1.0,0.0,-0.27659812216362284,0.08492743416822612,0.23807796153045832,-2.1864478288414313
-0.8893689028571305,0.4571902827387126,1.0,0.0,-0.2694452312799017,0.09793222222761144,0.22754377027475062,-2.1849923870360444
-0.8817436869009818,0.4717288104517927,1.0,0.0,-0.262380004812118,0.11000977251517371,0.2177969409911771,-2.1798745203545353
-0.8735161214446314,0.4867952193441591,1.0,0.0,-0.25438953653682966,0.12289991319469479,0.20865775126641675,-2.182915342069128
-0.8660097057615274,0.5000271887876026,1.0,0.0,-0.24694830684116686,0.1338573487831828,0.20011676295090505,-2.186226273313603
-0.8568443339372097,0.5155752005282056,1.0,0.0,-0.23742267074393716,0.1476240974173017,0.19256256316959258,-2.1895405268638886
-0.848993698119982,0.5284029717484156,1.0,0.0,-0.22902241871168083,0.15862927738274496,0.18511074907419567,-2.199128316712641
-0.8396931065061105,0.5430612183595123,1.0,0.0,-0.21863505724192098,0.17178711460139706,0.1782126215653337,-2.1951176026498853
-0.8301390618176696,0.5575563989808379,1.0,0.0,-0.20775701790681703,0.18501647499608626,0.17130697167330183,-2.1857997184903644
-0.8206757492482987,0.5713941849509352,1.0,0.0,-0.19659937396048027,0.19782552101724266,0.16522937602747678,-2.1860872505682423
-0.8118168026540235,0.5839122185128501,1.0,0.0,-0.18573507130901587,0.20948755569717378,0.15981495136672896,-2.191456561039578
-0.8004714859890364,0.5993708368935745,1.0,0.0,-0.1718754372324038,0.22467743008589902,0.15450771600337687,-2.190452958778861
-0.7912892564713377,0.6114419944631195,1.0,0.0,-0.16010697652767739,0.23624433442020382,0.14920291672462072,-2.184472933921475
-0.7815819424653918,0.6238025867307901,1.0,0.0,-0.14749341197746219,0.2485430581145717,0.1449595337918693,-2.194852675271754
-0.7702113669307499,0.6377887191309248,1.0,0.0,-0.13267972447420734,0.2627919413866968,0.14051517950456816,-2.1914881929029635
-0.7596918736298834,0.6502832130239233,1.0,0.0,-0.11851436462893172,0.27552244317403785,0.13615021876231415,-2.1862316565908917
-0.7493371343429374,0.6621886884376044,1.0,0.0,-0.10441340743375599,0.2879186567178617,0.1322339297911987,-2.1776636746894966
-0.7373472389610296,0.6755139148800314,1.0,0.0,-0.08808910136542107,0.30228866366205304,0.12871675931044185,-2.1850570882626705
-0.7263270142018002,0.6873493059869181,1.0,0.0,-0.07264953641293054,0.315251610306547,0.1253529207584815,-2.1894002585362555
-0.7154944599309911,0.6986184064337694,1.0,0.0,-0.05719037481979558,0.3277625288440369,0.1221568897353909,-2.189698202685763
-0.703146790146663,0.7110447183591512,1.0,0.0,-0.03973256083020507,0.3417689671135421,0.11906524842532121,-2.1896749241292106
-0.6899761189078069,0.7238321320146819,1.0,0.0,-0.021021911691457146,0.3566493189239895,0.1161926792675432,-2.187569601287134
-0.6797728676700836,0.7334226942081837,1.0,0.0,-0.0053976264237871885,0.3680081940608353,0.11353688301047735,-2.1855101879727195
-0.6666700554149761,0.7453529614974321,1.0,0.0,0.0137123846720206,0.3824940315104992,0.11111963662605796,-2.1895185381530373
-0.6539837207946408,0.7565086205295992,1.0,0.0,0.03271432275213443,0.3963189259711467,0.10879187280665806,-2.184662455275983
-0.6416356382513859,0.7670095877665002,1.0,0.0,0.05160988908951475,0.4098041909609085,0.10711528290965062,-2.194337562363311
-0.6286525782163125,0.7776862708714762,1.0,0.0,0.0715908202310063,0.4236499866058988,0.10517308322256921,-2.1925736943767027
-0.6161940470397506,0.7875943730073074,1.0,0.0,0.09129478525194057,0.4369748970262223,0.10308241625957276,-2.186921210991903
-0.6023403956575887,0.7982393424024273,1.0,0.0,0.1128564656677215,0.4514654553557209,0.1015384383955772,-2.1863222497153076
-0.5894470166848396,0.8078070404009502,1.0,0.0,0.13365365323165157,0.4651575509562848,0.10032200250970726,-2.193189588325975
-0.5761247093813945,0.8173618043683004,1.0,0.0,0.1552838220120993,0.4790416444446616,0.09914319257699572,-2.1889178013747026
-0.5620500947391519,0.8271031924758303,1.0,0.0,0.17812328337908945,0.49353744392723176,0.0983022943079088,-2.1924475183480636
-0.5476110290397623,0.8367330284350036,1.0,0.0,0.20168185773193847,0.5082084630872089,0.09746387144575093,-2.185360311155706
-0.5344597795089422,0.845193909163603,1.0,0.0,0.22417036061236045,0.5220201213156286,0.09682653532546891,-2.1916986843843542
-0.5204898059949713,0.853867883138438,1.0,0.0,0.24794695790967952,0.5363419131212568,0.09646962936182969,-2.186384961122464
-0.5057994178515467,0.862651116559317,1.0,0.0,0.2728808190071539,0.5511945498849025,0.09631931684319116,-2.1883341579940923
-0.4909449648244377,0.8711905885129451,1.0,0.0,0.298348053754202,0.5661810789196928,0.09627816447805856,-2.1918987713853975
-0.4767333407645635,0.8790479633122749,1.0,0.0,0.32341658132934087,0.5806759635422398,0.096790950751583,-2.188023801279861
-0.46117007420604017,0.8873117618158769,1.0,0.0,0.3504941317736883,0.5960162961809734,0.09674695331910092,-2.1828230003721982
-0.44622623557659596,0.8949201901192867,1.0,0.0,0.37715988092757874,0.6110868364478775,0.0972779285328585,-2.186008124471134
-0.43253908960649623,0.9016151817501652,1.0,0.0,0.40281211840518216,0.6254300351395838,0.09805006164245846,-2.184468140562012
-0.41616288211092295,0.9092900832809792,1.0,0.0,0.43182596709691445,0.6412974513032295,0.09876691384113498,-2.1813899960138436
-0.40112121217153085,0.9160249850009778,1.0,0.0,0.45975439461139805,0.6565384907677095,0.09977133399259717,-2.1872590927154425
-0.38662724767190343,0.9222360713817523,1.0,0.0,0.4874525499976146,0.6715531504301656,0.10097901795393165,-2.1904739265946205
-0.3705266959390979,0.9288218169253214,1.0,0.0,0.5172370318051199,0.6873565954111337,0.10261584410641468,-2.1903179236722052
-0.35522561462841895,0.9347805960287483,1.0,0.0,0.5466235441944058,0.702904777415674,0.10415541290362663,-2.1931273687754107
-0.3403844476168639,0.9402863541605623,1.0,0.0,0.575890703516167,0.7182534629636962,0.10529053917352152,-2.1878452118577734
-0.3221877607494762,0.9466757875974426,1.0,0.0,0.6092847541162905,0.7351978160425656,0.10703758891192829,-2.1891172640530763
-0.3075878368737755,0.9515196911295697,1.0,0.0,0.639096137537212,0.7507489490037083,0.10872649969415356,-2.186317893694348
-0.29247148725507843,0.956274243688913,1.0,0.0,0.6699898623846644,0.7665619122190301,0.11100690667370945,-2.1922161902952917
-0.27510012305247594,0.9614155825118046,1.0,0.0,0.7036758781030404,0.7833580711070314,0.11312728439290572,-2.195719369773244
-0.2589161077799473,0.9658998131960078,1.0,0.0,0.7365275100285973,0.7997176548776378,0.11513985925064339,-2.1931232816881723
-0.24467402910847824,0.9696053936936528,1.0,0.0,0.7675742581752197,0.8156110282192766,0.11700796666915335,-2.1908632531198937
-0.22740532297044885,0.9738001946419531,1.0,0.0,0.8024504737686473,0.8326024122299086,0.11958838268524766,-2.1914823834037414
-0.21138499769302843,0.977402876377146,1.0,0.0,0.8363771101902288,0.8491791913990954,0.1213196169740128,-2.1883781647187446
-0.19572305299557016,0.9806592101877661,1.0,0.0,0.8702959567477047,0.8659538049988804,0.12372933156111021,-2.189984414583859
-0.1785889166543848,0.9839237769503353,1.0,0.0,0.906204821791166,0.883092657178615,0.12607101819587965,-2.188526739397873
-0.16255574092396702,0.9866993620615451,1.0,0.0,0.9413576776139004,0.9000679255637398,0.12843137444828748,-2.1883849227311694
-0.14620464062011004,0.9892543672186362,1.0,0.0,0.9773263005437255,0.9173593974421663,0.13119381092590823,-2.188515766674933
-0.12951775318410813,0.9915771032099019,1.0,0.0,1.0140672091201948,0.934738387714172,0.13323300530033666,-2.1883882870919216
-0.11221700219643622,0.9936837245411867,1.0,0.0,1.0519009964340715,0.9523970176392633,0.13604279478681075,-2.187958246918756
-0.09608993303221232,0.9953726562297485,1.0,0.0,1.0888310108742658,0.9699732612372638,0.13850314395725594,-2.186376015793729
-0.07881248614722018,0.9968894582787473,1.0,0.0,1.1274995465877151,0.9878316429175169,0.1405453193548131,-2.193550746884525
-0.06243961455313436,0.9980487435663932,1.0,0.0,1.1655855722260584,1.0058242177421057,0.1433285630724071,-2.196100960086486
-0.0470672213176895,0.9988917242010926,1.0,0.0,1.2030551071584628,1.0236706197894565,0.14568183379849683,-2.193257931925004
-0.02879381239236218,0.9995853722258612,1.0,0.0,1.2440875215814216,1.0418119024406054,0.14766389900525212,-2.189874416036869
-0.01249726587778523,0.9999219061234632,1.0,0.0,1.2833885962987979,1.0601532452716105,0.15040718834950778,-2.191049278229922
0.0021650305061471863,0.9999976563187073,1.0,0.0,1.3212696343690764,1.0784376960806326,0.1523595244201148,-2.1897074500334144
0.020747079657186418,0.9997847561778977,1.0,0.0,1.3640029672602518,1.0969722981591197,0.15451733317401067,-2.1926923114309513
0.03610346006953113,0.9993480575710385,1.0,0.0,1.4035129659069017,1.1155913497317758,0.15681884739620355,-2.190153063865407
0.053072969319710284,0.998590636811496,1.0,0.0,1.4451352179257866,1.134256625023116,0.15870764644723057,-2.1819676767637044
0.07051637962459209,0.9975106215999108,1.0,0.0,1.4879376462643035,1.153219345560212,0.16129281549373725,-2.193059942575465
0.08735293007968618,0.9961774267701982,1.0,0.0,1.5304053270860671,1.172126924035286,0.16326378595949648,-2.1888059600384984
0.10340337262011075,0.9946395038056686,1.0,0.0,1.5723722808351823,1.1913950854309652,0.1653079277823064,-2.1935725268558914
0.1205933672521944,0.9927019894080888,1.0,0.0,1.616135999533809,1.2104835422961173,0.16678558048245434,-2.1927670946039495
0.13474369736403005,0.9908804852355659,1.0,0.0,1.6567204991462612,1.2302035551358104,0.16896515503075815,-2.189259863319406
0.1521500551621372,0.9883574053520106,1.0,0.0,1.7016298260517704,1.2494168524620926,0.17080327444295282,-2.1899064782357116
0.16984745519798836,0.9854703658470747,1.0,0.0,1.7472638338845543,1.268773244538196,0.1726018749424779,-2.1892855162187916
0.18613129101140355,0.982524881367606,1.0,0.0,1.7916603738096577,1.2885021292124534,0.17428670613233582,-2.1892649466956096
0.20114123432600325,0.9795622511376252,1.0,0.0,1.8349921183324716,1.3086261620628008,0.17564258780273895,-2.200202054661844
0.21950411270344686,0.9756115746065503,1.0,0.0,1.8826044632242571,1.3279919953947124,0.17763967662599034,-2.1885465313665846
0.23489954197885896,0.9720196526707278,1.0,0.0,1.927173936488416,1.3482626303702863,0.17883963885905926,-2.1900522158388767
0.24999538265866145,0.968247028732518,1.0,0.0,1.9721433463087394,1.3687302892092674,0.18081994354867753,-2.194143161951871
0.26785665776926787,0.9634587748776163,1.0,0.0,2.020228736509682,1.388354119575021,0.1816936953157751,-2.1960829067711733
0.283434981778424,0.95899145517792,1.0,0.0,2.06644676719442,1.4089389771590843,0.1834768932150249,-2.192103583718412
0.29803219090333316,0.9545558198373519,1.0,0.0,2.1118351337212142,1.4299444170494935,0.18503639044895465,-2.1908631853197034
0.3161223999748146,0.948718413563352,1.0,0.0,2.1616055344444716,1.4497386946258581,0.18633014965800915,-2.190707077374605
0.3299718383839327,0.9439907763710024,1.0,0.0,2.2069377320183934,1.471216829814078,0.18747259126961519,-2.194246725318369
0.3453338042344597,0.9384799218166342,1.0,0.0,2.2544150049738674,1.4921665768229762,0.1890952195662749,-2.187864173044268
0.3612324777096099,0.9324757889874548,1.0,0.0,2.30296917061576,1.5129824031836905,0.19028870096035624,-2.191021763291677
0.37755386638545396,0.9259876230152295,1.0,0.0,2.3523862372778135,1.5336097243340745,0.19143017435190404,-2.188461363289365
0.39242282387093574,0.9197849353545429,1.0,0.0,2.400541933165569,1.5551211054954244,0.19300224142384234,-2.1929171158465293
0.40846537118069426,0.9127738167510162,1.0,0.0,2.4504069169502785,1.5760004105967664,0.1938778659640419,-2.1942021137795753
0.4237974740281599,0.9057569767919821,1.0,0.0,2.499784803248885,1.5973287882346443,0.19557128205294624,-2.18476394671496
0.437431468546046,0.8992517502488664,1.0,0.0,2.5477570017470725,1.6196615813917983,0.19683144294923685,-2.1907903399995607
0.45458385219809255,0.8907039470670054,1.0,0.0,2.5999799980845326,1.6399334742413438,0.19800902379150398,-2.186077538800604
0.4682122703952339,0.8836160194628323,1.0,0.0,2.6487820116891463,1.662359532696967,0.19924326731013065,-2.188097948651965
0.482071768734967,0.8761317308423092,1.0,0.0,2.6980305372925057,1.6847086412337797,0.2003836297473667,-2.1902741329570614
0.497668180558284,0.8673675011549644,1.0,0.0,2.7497354504429454,1.7060183295145648,0.20152307690973031,-2.196134468255745
0.5117790343530153,0.8591171165776498,1.0,0.0,2.800092395765777,1.7282914947295074,0.20274381194715105,-2.1948408715170107
0.5251743150190394,0.8509946761550761,1.0,0.0,2.8498625167532934,1.7510584148598696,0.20379877940357613,-2.191008202760442
0.5413018231064799,0.8408283631643269,1.0,0.0,2.9031158471151333,1.7718879088874346,0.20479143603257674,-2.1882831392258573
0.5542059692164645,0.8323795670755255,1.0,0.0,2.953170189779912,1.7950453518109701,0.2058050035486331,-2.1870437338762985
0.5675340319831209,0.8233499392973694,1.0,0.0,3.0040994260511935,1.8178288857184874,0.2066132760664985,-2.189069916993414
0.5816991444241609,0.8134040234571004,1.0,0.0,3.0562442071824885,1.8400553528763328,0.20723022215319326,-2.19426365260779
0.5946239595439032,0.8040039469656418,1.0,0.0,3.107297647322114,1.863109604179015,0.20741573989716136,-2.196633897765188
0.6079427005922304,0.7939809020351973,1.0,0.0,3.159113173277511,1.8859092817779,0.20840743000294512,-2.1903032863390743
0.6219265846839804,0.7830755539941977,1.0,0.0,3.2120194898720955,1.9079441264679822,0.2089349851532085,-2.1915396561036053
0.6342226948121711,0.7731504209306154,1.0,0.0,3.2634318519937704,1.931411367926587,0.20927944942832158,-2.1924036260022217
0.6467826686037931,0.7626743601261,1.0,0.0,3.3153829492758407,1.95463613399899,0.20955390014807643,-2.1939431002394847
0.659815363972122,0.7514277646363197,1.0,0.0,3.368231750600266,1.977232537285335,0.2098466261222869,-2.193331127222067
0.672413006419911,0.7401761606518659,1.0,0.0,3.4208170218542815,2.0001004565140583,0.20997445442484133,-2.192887960772942
0.6839061450011712,0.7295699999517777,1.0,0.0,3.472443784063243,2.0240816486364546,0.2101726532103281,-2.1915915080463124
0.6961716481256083,0.7178753626821819,1.0,0.0,3.525475767362746,2.0471315819032987,0.2103610191415922,-2.195463016615078
0.7082769276011269,0.7059346951580635,1.0,0.0,3.578478859277313,2.070133773461365,0.2103420714336622,-2.191299321693136
0.71935598617412,0.6946416091449311,1.0,0.0,3.6305900398554454,2.0941865579648704,0.2103620648866576,-2.1907311601558783
0.7315639613632479,0.6817728143850504,1.0,0.0,3.6843632485737126,2.1168166348372743,0.21014252007484732,-2.2009429228103126
0.7415975111908555,0.6708450874796125,1.0,0.0,3.7358884825649996,2.141979862446243,0.21032525576534195,-2.19341979084414
0.7533280802969534,0.6576448915912804,1.0,0.0,3.7896730452266505,2.1645423522808085,0.2102018817872109,-2.1897718708607607
0.7640801038666717,0.6451213799550409,1.0,0.0,3.8426454526230986,2.188338596257399,0.20994729330723425,-2.1931208276243996
0.7751359076823497,0.631794527217085,1.0,0.0,3.896187400690956,2.2115935049586892,0.20976396747314216,-2.1936732503714103
0.7853445830412016,0.6190588711001896,1.0,0.0,3.9490402375096076,2.23560654105509,0.20970301816957113,-2.1903637917077363
0.796330765220365,0.6048613993003257,1.0,0.0,4.003117786988367,2.2583008713459227,0.20937313105593058,-2.194585762056299
0.8066000788218036,0.5910975493475338,1.0,0.0,4.05658370992658,2.281879980797058,0.20904680557524055,-2.1929467833013963
0.8146925515601713,0.5798931336309973,1.0,0.0,4.107929926873153,2.308514075736906,0.20884479291950342,-2.193988156122387
0.8247227896405432,0.565537196166194,1.0,0.0,4.161721426668175,2.3316488145965115,0.2085614467850814,-2.1904014976108983
0.8343776941837642,0.5511931271782922,1.0,0.0,4.215373836410093,2.3552637243239523,0.20822215581478942,-2.1937379897516185
0.8431398839471059,0.5376942775385105,1.0,0.0,4.268196133932191,2.379942134832638,0.20788755439375473,-2.1917207639465435
0.8522102908733877,0.523199407615773,1.0,0.0,4.321674524471882,2.403728486555899,0.20764427993106635,-2.1936314170852693
0.8612625441120663,0.5081602405832347,1.0,0.0,4.375394910491178,2.427157687525632,0.20694197689161364,-2.200713605168197
0.8689432673695405,0.49491170737127166,1.0,0.0,4.4277935396314785,2.452867316432337,0.2072157037886737,-2.1946921603335494
0.8774609127069619,0.4796481488252253,1.0,0.0,4.481205582278694,2.476520623508969,0.20695991916352346,-2.1921127525428776
0.8847540689465295,0.4660581910905114,1.0,0.0,4.533668579533716,2.502083589599876,0.20663630059931617,-2.1917565614741292
0.892692463174161,0.45066635795458415,1.0,0.0,4.586971613352923,2.525907097299121,0.2064017277669888,-2.195276063482459
0.9001034361597392,0.43567626078710125,1.0,0.0,4.639873685126609,2.5503736137528885,0.20605956743656184,-2.1949528970061865
0.906671431642989,0.4218375457951233,1.0,0.0,4.69197629422039,2.576240625309601,0.20586548064406698,-2.191169489366527
0.9133522742892208,0.40717026297448083,1.0,0.0,4.744455905467165,2.601391663881919,0.20552558688287043,-2.19548467954937
0.9200891327234063,0.39170906020194374,1.0,0.0,4.797129584920869,2.625767770324122,0.20529531532421266,-2.194050639041448
0.9268423482170742,0.3754507445077979,1.0,0.0,4.849878166909942,2.649386676961766,0.20509498910230758,-2.188909456128644
0.933249943542767,0.35922770338243987,1.0,0.0,4.902525950549675,2.673217744503558,0.2047452834698423,-2.185829109027322
0.9389226636250518,0.34412821989955683,1.0,0.0,4.954533296036112,2.698481957040735,0.20453680221171966,-2.1919113425279884
0.944868825526599,0.3274490839015823,1.0,0.0,5.006956227906262,2.722052876466238,0.20412815904978907,-2.19413765983864
0.9499950838560487,0.312264856571051,1.0,0.0,5.0585786367052075,2.7475511679533433,0.2039628767476656,-2.194773554322735
0.9551643890356585,0.29607598672999025,1.0,0.0,5.110438938477991,2.7718517855302025,0.20356497033774185,-2.1979491892761893
0.9596563988695197,0.28117538318420643,1.0,0.0,5.161575531463525,2.7977593010758626,0.2031559963528087,-2.1966920740021205
0.9639369791437424,0.26613060748293554,1.0,0.0,5.212624788043891,2.8236760502428826,0.2029601372728581,-2.1936303384086493
0.9684245092784923,0.24930697910149122,1.0,0.0,5.264003362781381,2.8475613094739076,0.2025210558291851,-2.192631169496917
0.972537537318248,0.23274608161461566,1.0,0.0,5.3150872668520135,2.8718603606160804,0.20212953778860482,-2.1962015525824077
0.9763911550878979,0.21600998186685882,1.0,0.0,5.36603801487134,2.896025022075408,0.201714582056175,-2.1952872324433854
0.979813194012602,0.19991524413816744,1.0,0.0,5.416439364412613,2.921010930281616,0.20120976025148993,-2.1946427619135638
0.9831108458884548,0.18301110539114016,1.0,0.0,5.466862829948446,2.9451278322587653,0.20045281118690225,-2.199568094886705
0.9861502968888615,0.1658541285166284,1.0,0.0,5.516998859475553,2.969092172736614,0.20029123315198902,-2.194988825643409
0.9888772181061121,0.14873415045212998,1.0,0.0,5.56696439457447,2.9930258879232774,0.19977674100998413,-2.1984396539855218
0.9910712792876338,0.13333311430838554,1.0,0.0,5.616288010296927,3.019016199172462,0.1992782592750291,-2.1954678240834116
0.9930364538670363,0.11780747553182426,1.0,0.0,5.665460240418535,3.0447989371043356,0.198901175958368,-2.198161510148692
0.9949347307575834,0.10052303980846819,1.0,0.0,5.714562446796082,3.068647321086071,0.1983929304748907,-2.1991586154369673
0.9964347987710134,0.08436641392266248,1.0,0.0,5.763164315526192,3.0937901346617123,0.197976641351691,-2.1947760170881963
0.9977286940806239,0.06736061911957654,1.0,0.0,5.8117086362572685,3.1179507312632637,0.19746416212462878,-2.196793283951422
0.9987190651269258,0.050598705042713,1.0,0.0,5.859797718753951,3.142501953970243,0.19704726228754862,-2.19240646868972
0.9994133415460321,0.03424868960696538,1.0,0.0,5.907792389732431,3.167227516017163,0.19640659478029523,-2.198914881979294
0.9998149829342896,0.019235381465053044,1.0,0.0,5.955194049426047,3.193621935376097,0.19593840974226648,-2.1963637260806763
0.9999999817867493,0.0001908572793141072,1.0,0.0,6.002509979681569,3.2153792058120514,0.1953522035940068,-2.1993992796807715
0.9998851676805058,-0.0151542552613703,1.0,0.0,6.049339164245531,3.241370970174305,0.19480706562411618,-2.1948168790435645
0.9994729892378879,-0.03246141993014155,1.0,0.0,6.095871005318374,3.265061631860527,0.1941719127467977,-2.19328104241123
0.9987572418790294,-0.049839460211703185,1.0,0.0,6.1420545882249185,3.288681200791176,0.19362185388811717,-2.1939044543001507
0.997893022724794,-0.06488077679231255,1.0,0.0,6.1881111493825145,3.3148311689591914,0.19266366587161324,-2.199591529458737
0.9966794082464591,-0.08142577710705676,1.0,0.0,6.233577481518411,3.3395049452182612,0.19244065669787513,-2.1956909437191703
0.9950460266512832,-0.099415314944398,1.0,0.0,6.278591528827412,3.362212102905674,0.19180614321798448,-2.19515543400007
0.9933168736363394,-0.11541918622711131,1.0,0.0,6.323434901235424,3.3871885258623355,0.19113681920873818,-2.1964933308292016
0.9912978381885567,-0.13163812518679419,1.0,0.0,6.367896320326855,3.411829594056135,0.190499612498726,-2.196470990976081
0.9887480896975926,-0.14959015716069443,1.0,0.0,6.4116890978487415,3.4344860353496482,0.18991029102707796,-2.197126317957618
0.9862190962886062,-0.16544453486194377,1.0,0.0,6.455391800503061,3.4593724554533445,0.18927013954330363,-2.200092194622431
0.9832757071322599,-0.18212326530005504,1.0,0.0,6.4985232686560686,3.4832534434411286,0.1886271806057753,-2.1974186471679866
0.9800774381429703,-0.19861574772185636,1.0,0.0,6.541326841472427,3.507232233848187,0.1879105795122826,-2.1954467872761323
0.9770017629887371,-0.21323122453547816,1.0,0.0,6.584104877606126,3.533287576908296,0.18730214240691295,-2.1951937128800463
0.9734448483570995,-0.2289216617251926,1.0,0.0,6.626282260391761,3.558001209719315,0.1865749803567297,-2.1968394830460776
0.9689433234495345,-0.2472829066930644,1.0,0.0,6.667232835074075,3.579519274898254,0.18594619795044545,-2.1959239407319657
0.9645433283458072,-0.26392454933861736,1.0,0.0,6.708098672164667,3.602887100042633,0.18517948402793724,-2.1949342361279482
0.9604530377011812,-0.2784420269473943,1.0,0.0,6.749262599327856,3.6285093518054494,0.1845548085741481,-2.1948445022352927
0.9556676161496901,-0.29444763107005745,1.0,0.0,6.789515675728264,3.6523262390889046,0.18394272903132672,-2.1970894497449045
0.9504856853247641,-0.3107683413617184,1.0,0.0,6.8288975582035105,3.6755841886720555,0.1834230487008068,-2.1847589557392006
0.9452699809979591,-0.3262892321608514,1.0,0.0,6.8685076867732,3.6996088465365276,0.1829203293728345,-2.197671356275386
0.9393751583443913,-0.34289110791248256,1.0,0.0,6.906911258635284,3.7221955763748547,0.1825299211421144,-2.1930608930081186
0.9337380800569551,-0.35795697765450984,1.0,0.0,6.9455463272587235,3.746422573962236,0.1821391725736243,-2.1979381926194255
0.9277704505634184,-0.3731514318093279,1.0,0.0,6.983537722063092,3.770237078817165,0.18191204305799483,-2.1967009627732894
0.9211611533401025,-0.3891813582086534,1.0,0.0,7.020686871286636,3.792975906519265,0.1816666606496988,-2.1982398393589233
0.9148927953229955,-0.40369688265588005,1.0,0.0,7.057901460235854,3.8172233877179527,0.18150834129777585,-2.193869773684623
0.9081953482697187,-0.4185465438648901,1.0,0.0,7.094551721848961,3.840929716005731,0.18138288368355698,-2.1957989108041915
0.9005142723711251,-0.4348264541813241,1.0,0.0,7.12980727271515,3.8628100227809234,0.18135085976540918,-2.1988668511255485
0.893718464981044,-0.44862824849971994,1.0,0.0,7.165881059833042,3.887200724445382,0.18132238446407975,-2.199850472751247
0.885990008567018,-0.4637043289849852,1.0,0.0,7.200717310333689,3.9099186091390417,0.18097773984664092,-2.206351777807009
0.8771690287292246,-0.48018173126247604,1.0,0.0,7.233977591999879,3.930847993233919,0.18133460120418785,-2.1955371496960536
0.8699134697338694,-0.49320437465170586,1.0,0.0,7.26814123668864,3.955457160660954,0.18080091056411957,-2.1734041876956636
0.8614584512797111,-0.5078280582232156,1.0,0.0,7.299861620871811,3.9780685460940535,0.17899256905906055,-2.12046731587021
0.8525299072035536,-0.5226784454361021,1.0,0.0,7.330018723574338,4.000279233470436,0.17525438180710629,-2.0534695670389893
0.8438868408685511,-0.5365212016396897,1.0,0.0,7.359495371185106,4.023619366863035,0.1691957513746073,-1.9814964517441218
0.8353611214819151,-0.5497015524050092,1.0,0.0,7.3880564710081105,4.047768473552666,0.16076050927554694,-1.9217882149464458
0.8253856791214885,-0.5645692877771152,1.0,0.0,7.4140033528258105,4.0702424753163635,0.15022952406175272,-1.878498569365668
0.8160846615290602,-0.577932370798694,1.0,0.0,7.439646242303868,4.094482695814464,0.13744642360727594,-1.8485671878464358
0.8066913947440385,-0.5909729212459043,1.0,0.0,7.46387184997904,4.119215754133032,0.1224614639656878,-1.8324903529927128
0.7962821676952422,-0.6049253750757743,1.0,0.0,7.48549624026058,4.142848654405775,0.10570434676279522,-1.802443478785531
0.7855544221566293,-0.6187925741556408,1.0,0.0,7.50544646282736,4.166480334264981,0.0871080666426301,-1.7718458213932373
0.7772009013564863,-0.6292525398682672,1.0,0.0,7.526391854899435,4.193808858734843,0.06638059208066152,-1.733657247287047
0.7653488570402496,-0.643615667170388,1.0,0.0,7.541539458231053,4.216102615577781,0.0431188241265365,-1.68824623192206
0.7551744975445878,-0.6555238197489696,1.0,0.0,7.557196713886867,4.241224312996568,0.018756212880399414,-1.639790226230966
0.7435248615595259,-0.6687082923389599,1.0,0.0,7.569839146350503,4.264603113970383,-0.00723126356555115,-1.6034027588347306
0.7320748088886653,-0.6812242466256059,1.0,0.0,7.5811870136781,4.288348448760599,-0.034638399410468916,-1.5737292697871599
0.7207440642609216,-0.69320126502528,1.0,0.0,7.591018682206406,4.3122720861299975,-0.06337404863414078,-1.5372552901459442
0.7092076474921807,-0.7049996544244591,1.0,0.0,7.599212928667555,4.3359450895579235,-0.09308323696239824,-1.5193979710480148
0.6973778228583271,-0.7167036850647412,1.0,0.0,7.605335311863593,4.359153139210381,-0.1239598463673067,-1.4940291475678578
0.6845997859683072,-0.7289191539890745,1.0,0.0,7.6085489690014585,4.381109458004428,-0.15574658935147379,-1.4604199326808718
0.6730642842751317,-0.7395839838944627,1.0,0.0,7.6118501249769555,4.404300995346363,-0.18796852509423545,-1.4472259104331857
0.6604620505036809,-0.7508594274859132,1.0,0.0,7.611890353506901,4.425967685323879,-0.22018441344356685,-1.4143679792398944
0.6480762298455162,-0.7615754724971266,1.0,0.0,7.610633065715321,4.447564531126165,-0.2517876500336092,-1.3882484430429098
0.6353744473322807,-0.772204190403807,1.0,0.0,7.607211906623728,4.468334001357302,-0.2825164372343203,-1.35237434505671
0.6225004309833161,-0.7826194563295661,1.0,0.0,7.601935430349947,4.488485041517545,-0.3119444455031814,-1.3265689166846133
0.609424524499028,-0.7928440886701078,1.0,0.0,7.594539082708366,4.507942643168773,-0.34004837200478755,-1.2859476331677877
0.5962657882470537,-0.8027870886892239,1.0,0.0,7.585714802584096,4.52699205996095,-0.36670463182951446,-1.272228275905686
0.5823029861655643,-0.8129718520973938,1.0,0.0,7.57392016549153,4.544554274497024,-0.39196921996365824,-1.246615537265006
0.5686284091224475,-0.8225945127089497,1.0,0.0,7.560720379580875,4.561639190428446,-0.4162804943580954,-1.2231284583670612
0.5551528400447733,-0.8317483538848889,1.0,0.0,7.545867640695159,4.578260200129392,-0.4393975621033089,-1.1940055016723543
0.5405169568619922,-0.8413331203183738,1.0,0.0,7.528289491818576,4.593130920421153,-0.46177010166405086,-1.1835076998838585
0.5268358219981425,-0.8499670679853082,1.0,0.0,7.509300889184128,4.607932136620997,-0.4837871462840138,-1.1483649472191528
0.5130159858375577,-0.8583790527937636,1.0,0.0,7.488971360203894,4.621780894054983,-0.5055355810258318,-1.1265356102281827
0.49781914004902356,-0.8672808678858601,1.0,0.0,7.464868739185825,4.6337203239290385,-0.5272546537971167,-1.1055349532297214
0.48350847010764275,-0.8753396822572176,1.0,0.0,7.439879756780016,4.6452773432372645,-0.5492123086199687,-1.0798889531334726
0.4689876789579163,-0.8832047084258928,1.0,0.0,7.41267760334949,4.655718017437543,-0.5712704643999029,-1.060811306986672
0.4537180625350254,-0.8911452854217783,1.0,0.0,7.382906022308444,4.664487717267706,-0.5937680939642506,-1.0485565242412291
0.4394108092605992,-0.898286224265376,1.0,0.0,7.352056563071672,4.673073916743784,-0.6162765803749705,-1.00590793523303
0.42495408212335645,-0.9052149071279679,1.0,0.0,7.319425041647724,4.679918839290103,-0.6388992477942292,-0.9953176135156985
0.40788718167947813,-0.9130323362409309,1.0,0.0,7.2819675418283465,4.684522068978746,-0.6613035096368138,-0.9907460916905307
0.394581351611506,-0.9188610106868378,1.0,0.0,7.246542917593716,4.689805298666371,-0.6833262308995303,-0.9698091697865661
0.3791454154682677,-0.9253371028600305,1.0,0.0,7.206578897463979,4.692897521900039,-0.705146063415716,-0.9353515395427449
0.3620731492722627,-0.9321496846408659,1.0,0.0,7.162978239750476,4.693905848457734,-0.726235781433714,-0.9164378144936824
0.3471587405368055,-0.9378063813330014,1.0,0.0,7.119671835721414,4.694371959174496,-0.7470133678045724,-0.9039943242702551
0.3319833988166808,-0.9432852288200662,1.0,0.0,7.074851761797743,4.693352989112273,-0.7670711909262012,-0.9189264243112288
0.3174912171512184,-0.9482612124472022,1.0,0.0,7.027943466329777,4.691445447384639,-0.7864929395862789,-0.8999230205454654
0.30146381899256974,-0.9534776168523387,1.0,0.0,6.9769786669800435,4.687433081072623,-0.8054042246500293,-0.8672382316598919
0.2863172130873592,-0.9581348827226195,1.0,0.0,6.925259628188573,4.6822531649834005,-0.8241681649147288,-0.8501284050910694
0.2705472007767913,-0.962706711388179,1.0,0.0,6.870243716248257,4.675313472958907,-0.8428938757590961,-0.8086063505494002
0.2537469753990471,-0.9672706304214118,1.0,0.0,6.812324255723553,4.666603524885138,-0.8610878892029075,-0.7821010762261846
0.23706140148103813,-0.971494669016689,1.0,0.0,6.752287785383003,4.656234842910219,-0.879598613678101,-0.7747177709885902
0.22119319132832688,-0.9752300098489536,1.0,0.0,6.691454445333339,4.644316128920205,-0.8977199258827455,-0.7794898714313327
0.2050333175894458,-0.9787549942034858,1.0,0.0,6.628056694072027,4.63059731705448,-0.9159370042171133,-0.7872084892685703
0.18847036111542653,-0.982078878186992,1.0,0.0,6.5616337470526505,4.61549418366989,-0.9341358501873608,-0.7729549720490047
0.17364364229439275,-0.9848085527099859,1.0,0.0,6.494753095464356,4.599077090950783,-0.9520554135463334,-0.7507748139036279
0.13967290641273244,-0.9901976970354052,1.0,0.0,6.361208586650257,4.571842134918885,-0.9878326346162036,-0.7142052515783894
0.12260583916846754,-0.9924554439378102,1.0,0.0,6.285562567826452,4.5493732592615235,-1.005380818047454,-0.7151078055974158
0.10678238395674791,-0.9942824158540237,1.0,0.0,6.208582879335675,4.5259306337649265,-1.0226789721600642,-0.7046573855593445
0.08978415387831963,-0.9959612470936579,1.0,0.0,6.128071245785608,4.5000572777728785,-1.0397090391727728,-0.6866569944814098
0.07289419621678518,-0.9973396794261766,1.0,0.0,6.045645338509597,4.471822056723854,-1.0563983184703496,-0.6827665117272413
0.0575787277060679,-0.998340968865723,1.0,0.0,5.961870257526751,4.4427232047096386,-1.0729516440706075,-0.6646144983343947
0.039935773384918986,-0.9992022487985845,1.0,0.0,5.873335984603766,4.411316241453459,-1.089468754560078,-0.6507159830371112
0.022820954301057905,-0.9997395681100099,1.0,0.0,5.783275263162102,4.377802339498981,-1.1053614780212646,-0.6520373802815376
0.0076266574862182135,-0.9999709166248726,1.0,0.0,5.692784353035405,4.342573500635616,-1.120767949624697,-0.6331478893540222
-0.010463206549462555,-0.9999452591560717,1.0,0.0,5.596566788636524,4.304640615541734,-1.136616751996038,-0.6400017813639137
-0.02678626306440699,-0.9996411836809468,1.0,0.0,5.500266707819083,4.2653003115887405,-1.152053627566754,-0.6473020674421973
-0.04236328126895127,-0.9991022732433991,1.0,0.0,5.401982659466742,4.224098615908619,-1.1672999341582022,-0.6344959268093221
-0.059803346067361964,-0.9982101781684793,1.0,0.0,5.298733853014481,4.180487427919088,-1.182517453070084,-0.595314153296867
-0.07709205735899019,-0.9970239789955697,1.0,0.0,5.193256457888101,4.135010228078672,-1.1979456482726292,-0.5802241881562928
-0.09303012695469286,-0.9956632942309331,1.0,0.0,5.087131031000089,4.087169926190626,-1.212765709876268,-0.568056710151585
-0.10994032804518901,-0.9939381893605438,1.0,0.0,4.977851569699967,4.0372857364905155,-1.227536361094374,-0.5760762986214707
-0.12669105640339134,-0.9919422242385857,1.0,0.0,4.865697461734435,3.9851969094416058,-1.2422594487691425,-0.5646125338685573
-0.141774032190659,-0.9898990472752269,1.0,0.0,4.7529543570006245,3.9313389540175994,-1.2561354210634421,-0.5431684179366388
-0.1595666451463128,-0.9871871584237463,1.0,0.0,4.635184549551179,3.8749638250863865,-1.2702911096267648,-0.5574279893543341
-0.17625533829556422,-0.9843444802112298,1.0,0.0,4.515833899534866,3.8160962163921535,-1.2845256953623423,-0.5503499014188734
-0.1923493414338576,-0.9813265159211593,1.0,0.0,4.394657532559158,3.7553721440230525,-1.2979747270106616,-0.5511442694051245
-0.20873197403300595,-0.9779728846017586,1.0,0.0,4.270105550895331,3.692080475254797,-1.311606028889436,-0.5311042954019477
-0.22411658687179295,-0.9745623404836338,1.0,0.0,4.144245258732369,3.6267137081763603,-1.3250192879132914,-0.5255669660043062
-0.24075274562166626,-0.9705864801632204,1.0,0.0,4.0146374747070315,3.55911150928772,-1.3387482867805744,-0.5216443974783352
-0.25731996505912036,-0.9663262573178756,1.0,0.0,3.882141770787053,3.4890483304016655,-1.3522608856636333,-0.5072523237012134
-0.27421062827388465,-0.9616696581163625,1.0,0.0,3.747274070975463,3.417015857669428,-1.3656003826464573,-0.5211123835628096
-0.29051080760354814,-0.956871710662163,1.0,0.0,3.609574625288001,3.3426582690786875,-1.3787357737153587,-0.49846418636570833
-0.30778065542870675,-0.9514573391087358,1.0,0.0,3.4684765662476407,3.2664060758074207,-1.3919588270711218,-0.4899896987353719
-0.3211250452294182,-0.9470368025195242,1.0,0.0,3.3289089418123274,3.1864087315853356,-1.4050775211804791,-0.4771503069205629
-0.3530147598838649,-0.9356177527730741,1.0,0.0,3.1044895955672316,3.0902489524755334,-1.4315035821868194,-0.45611111217418054
-0.36966055518151947,-0.9291668708810548,1.0,0.0,2.952890791172538,3.006498389877312,-1.4444182052323686,-0.4103239140607047
-0.3849092136067508,-0.9229544394392568,1.0,0.0,2.8006198924880583,2.9185035847772434,-1.4576407508141236,-0.3966759003198177
-0.3985488745379851,-0.9171470954020982,1.0,0.0,2.6480101941142844,2.828561317511183,-1.4700466513848724,-0.3948811063890971
-0.930521300627386,0.3662377766953021,1.0,0.0,1.9481699834918693,4.1725270411442965,-0.23413661130205368,-4.315831678715602
0.2670650525677751,0.9636785032867401,1.0,0.0,3.329491191989062,5.446954862837039,-0.216079772472713,2.3595953371853944
0.2841162005427806,0.9587898542376919,1.0,0.0,3.3247418535137343,5.403891638713066,-0.21395834884306383,2.391219013141334
0.2990757651374516,0.9542293679757755,1.0,0.0,3.3200085645146755,5.362685516849769,-0.21169661068611814,2.439369037419932
0.31448208864774824,0.9492634070266007,1.0,0.0,3.317890870048927,5.321367550123389,-0.209770827735846,2.480344813376335
0.33091249831497543,0.9436614427107538,1.0,0.0,3.319473294364025,5.280616261039478,-0.20835984037071276,2.5456116018030914
0.3467344882854678,0.9379633226482871,1.0,0.0,3.3231346109299342,5.238827805847187,-0.20779757670545632,2.561491897001776
0.3617393647620828,0.9322792671627557,1.0,0.0,3.3276031047930217,5.198747190354841,-0.20707735400117083,2.6157149302572207
0.37917700910347835,0.9253241571294574,1.0,0.0,3.337625446799196,5.1574862411394395,-0.20560506846502416,2.6248050320408027
0.3931117860302182,0.9194906871111485,1.0,0.0,3.3461696626633066,5.119666234153171,-0.2036221275067944,2.654497599174634
0.4073984679319027,0.9132505068855634,1.0,0.0,3.3566702814848677,5.0831322070557885,-0.2018196520493243,2.6967320662260943
0.4239804248236986,0.9056713528462276,1.0,0.0,3.3711403359278815,5.046657907108055,-0.20039875918154795,2.736733221701341
0.4393577390128102,0.8983121824675158,1.0,0.0,3.3859119985571384,5.012804680843406,-0.1993612920138762,2.7942743139738453
0.4531973820688116,0.8914101933935776,1.0,0.0,3.4003756680189112,4.9814512437102385,-0.19943952115735025,2.835608794668387
0.4683990684682164,0.8835170132250466,1.0,0.0,3.4156777888964927,4.95179467623868,-0.20268190227551763,2.8956821071970467
0.4830058905884402,0.8756171021952848,1.0,0.0,3.4292266844255916,4.923474766399581,-0.2074058919692279,2.959590417043919
0.5126546668813462,0.8585948943039295,1.0,0.0,3.4901661508843036,4.904686610328973,-0.21657356384309545,3.0514499518982907
0.5261206342558694,0.8504099471491392,1.0,0.0,3.5020558706272302,4.88062767845304,-0.22172545241320013,3.093152900701554
0.5386871497317863,0.8425058781479474,1.0,0.0,3.512440479628165,4.858017759594119,-0.22617882554299593,3.1152673725246385
0.5535266197280304,0.8328314843066756,1.0,0.0,3.525825104436041,4.834958175684374,-0.2288961974448089,3.152351470135162
0.5677407658202622,0.8232073996422907,1.0,0.0,3.540247989994726,4.811449701266224,-0.23044430404049235,3.195973278192678
0.5803702809676086,0.8143527104207238,1.0,0.0,3.555299414486029,4.789591228417922,-0.23043805601398215,3.224218169065561
0.5951229532273604,0.803634662357184,1.0,0.0,3.5749954246706217,4.767488375806144,-0.22934438373843444,3.2320931752688873
0.6092229446581385,0.792998993506339,1.0,0.0,3.5937577938309326,4.747270843894753,-0.22727618977158942,3.2285437220867506
0.6210352012672058,0.7837826731862609,1.0,0.0,3.6107427658152424,4.731291162171723,-0.22595817241212415,3.2311887370807146
0.6348984459896232,0.7725956013853312,1.0,0.0,3.630852879759718,4.715040641795875,-0.22594430130460866,3.2300073740466653
0.6482452057410087,0.7614316471186349,1.0,0.0,3.6516399028880584,4.699400238448844,-0.22738846406007265,3.2197869094654807
0.6594530790634517,0.7517457259697143,1.0,0.0,3.671572472806358,4.682846192070259,-0.22940739955288292,3.1260047425696253
0.6731585638938632,0.7394981729905434,1.0,0.0,3.693366121764467,4.668934497902166,-0.23523979067313017,3.1518405113440284
0.6839005324225985,0.7295752611979701,1.0,0.0,3.713674759566113,4.654254266879105,-0.24224895095774907,3.110066563308406
0.6962016395521221,0.7178462767786269,1.0,0.0,3.737802777245255,4.63844384462979,-0.24932399952313627,3.0733908876843232
0.7079855655269773,0.7062269033430021,1.0,0.0,3.765235608491535,4.622192623655123,-0.2567104565609091,2.998836654051456
0.719940309808977,0.6940359863235869,1.0,0.0,3.793587560993519,4.604233877818826,-0.26490732879426765,2.9097966902724424
0.7309790477233443,0.6823999060591031,1.0,0.0,3.8203488585182632,4.586051265133887,-0.2736588205297982,2.8300684757376047
0.7432556325029541,0.6690075221943573,1.0,0.0,3.8490386348808454,4.565912586576675,-0.28209577374003236,2.739042850939174
0.7535570699438239,0.6573824931785748,1.0,0.0,3.875267123249477,4.549138888847057,-0.2888706782125835,2.6513557011942206
0.7641830282014834,0.6449994569058263,1.0,0.0,3.9025641976262273,4.531584345949637,-0.294324769455695,2.5482084024786387
0.7757587283760241,0.6310296311175998,1.0,0.0,3.9333517428689926,4.510296743003124,-0.2995159590228587,2.3745100596191073
0.7858149238454137,0.6184617251389342,1.0,0.0,3.960936318398397,4.492057986067562,-0.3032130711921922,2.2865625759908355
0.7953331539984826,0.6061725613641927,1.0,0.0,3.9895492127855983,4.475860229345558,-0.3033938166997119,2.267313471060204
0.806395787500832,0.591376220270069,1.0,0.0,4.021787853785743,4.456977925724567,-0.3009921442681585,2.2583084559093587
0.815731451316944,0.578430807731013,1.0,0.0,4.053512317323179,4.439533630470153,-0.2975852272791479,2.2222120546706727
0.8255465922199392,0.5643339650189819,1.0,0.0,4.086892417671144,4.422209388848415,-0.2929074295201492,2.200754910688879
0.8343338954197453,0.5512594225532235,1.0,0.0,4.121269460535132,4.407292444709492,-0.2883354390045418,2.1753450358959565
0.8434526982135933,0.5372034492407967,1.0,0.0,4.158050585621202,4.393549571670288,-0.2847358722741281,2.15435337032104
0.8518305105468147,0.5238175076317639,1.0,0.0,4.197254664257378,4.382366038649092,-0.28199211780026434,2.130573632349774
0.8614318989939507,0.5078730977278438,1.0,0.0,4.239016577459051,4.369061991335293,-0.2807269223844915,2.1012803486683773
0.8691356808975358,0.49457372371647174,1.0,0.0,4.279068460094591,4.360845237385318,-0.28022280311814024,2.092789774301785
0.8773853957025377,0.47978627263386897,1.0,0.0,4.321492027420836,4.352339489399513,-0.27963243190156023,2.1079847422280773
0.8852971878053572,0.465025686671098,1.0,0.0,4.3659501626666675,4.345303666363559,-0.2786816949426951,2.121785642526432
0.8926294079867577,0.4507912377112165,1.0,0.0,4.4129828762592265,4.341712125870092,-0.27901066836538063,2.1621483607350074
0.9003001046581478,0.43526971127397346,1.0,0.0,4.459006744003149,4.337633262923417,-0.281121946341942,2.200120102382064
0.9078741296897874,0.4192428468561044,1.0,0.0,4.504786011735897,4.3326996588499,-0.2848337316618368,2.2354024009033093
0.9136995481021312,0.40639037365316766,1.0,0.0,4.549762123897676,4.331762768383367,-0.2881176573246995,2.3075689707259825
0.9205791072822381,0.39055615119395753,1.0,0.0,4.595112084638895,4.328045711614314,-0.29063184789686214,2.3697898022655766
0.927288702410204,0.37434698126524296,1.0,0.0,4.639065455118823,4.324668559148101,-0.29310261909045,2.3956170876439122
0.9330029956904511,0.35986860106522783,1.0,0.0,4.681766286639803,4.324396346227977,-0.29499166796295284,2.4176123227120843
0.9391292296400575,0.3435640988748274,1.0,0.0,4.723369862192875,4.323769106695643,-0.2954548791230307,2.4163954915774815
0.9450329839951189,0.3269750130534157,1.0,0.0,4.764351735945967,4.324631266957568,-0.2942753117380568,2.4269518459015074
0.9502706410593583,0.3114252859686192,1.0,0.0,4.805268924686592,4.327922412692572,-0.29161829214317764,2.423170668381264
0.9550527701968182,0.29643583814947794,1.0,0.0,4.8463058696529195,4.3329849665826305,-0.28766378498050316,2.419471579615782
0.9601831419819419,0.27937131895326356,1.0,0.0,4.888049310475277,4.336469899714432,-0.28360902025198276,2.415123259748688
0.9644800430310478,0.26415572413791866,1.0,0.0,4.9302501491596145,4.342897971960702,-0.2794313981496746,2.406657064320897
0.9687154999003195,0.248173891158748,1.0,0.0,4.973019874843384,4.349002508806691,-0.2760792439911432,2.3957623722807737
0.9729900844624174,0.23084690930965032,1.0,0.0,5.01576057206384,4.354947894792199,-0.2730632589062705,2.3796635924955623
0.9765816221839058,0.21514724077396644,1.0,0.0,5.058321646501181,4.363754526334412,-0.27053249755031195,2.377566149934463
0.9798421742458814,0.19977315527643802,1.0,0.0,5.10150432111757,4.374393322980933,-0.2679136438275464,2.3619605604992344
0.9832592335901422,0.18221218279721646,1.0,0.0,5.145304878518577,4.384227020663672,-0.26597325758684914,2.3393401538816088
0.9860247535821387,0.16659887551626124,1.0,0.0,5.190617840699613,4.396228532841463,-0.2648433833771237,2.315140384557332
0.9886986113030249,0.14991683030090394,1.0,0.0,5.239212294760042,4.405970679837407,-0.264798646239197,2.2807786913345613
0.9911345779675809,0.13286176408969322,1.0,0.0,5.288991171906712,4.414345612342042,-0.2640398066606876,2.2634029076141617
0.993086268751193,0.11738680853415016,1.0,0.0,5.338733447981843,4.423948166873305,-0.2641673730487047,2.248208951867465
0.9949030632580803,0.1008359792915611,1.0,0.0,5.389714937629171,4.434150377666131,-0.26668633860093677,2.17583819459777
0.9965967670480272,0.08243108581973224,1.0,0.0,5.4392031605567315,4.44280167831724,-0.2697306236460926,2.10415912451158
0.9977648326799872,0.06682318959071941,1.0,0.0,5.488506723987887,4.455609450586026,-0.27173381423986287,2.0284740868093554
0.998642828289834,0.052081681091158724,1.0,0.0,5.538201695948078,4.469679646994564,-0.2736664623067361,1.9306508635223008
0.9994665047424938,0.0326604638335493,1.0,0.0,5.589439784213299,4.477968627725128,-0.27488099611456257,1.7834220429376992
0.999848935233748,0.017381217216881413,1.0,0.0,5.638375357864852,4.491400265040246,-0.27583027578204306,1.614418324631006
0.9999986469289671,0.001645035025482193,1.0,0.0,5.682988820548101,4.506267956573024,-0.27659470717703033,1.4656307773249273
0.999875296643442,-0.015792123422421034,1.0,0.0,5.726250235255396,4.521371848269793,-0.27585414235160255,1.3300643477142615
0.9994571514960824,-0.03294544465228758,1.0,0.0,5.769934635263829,4.536816104483482,-0.2751127401026052,1.2225470699193939
0.9988163023004745,-0.048641487012705126,1.0,0.0,5.814745009536145,4.5535574468012525,-0.2742739694675529,1.133934772479228
0.9977412724101993,-0.06717405250002784,1.0,0.0,5.859105004993287,4.567789868673037,-0.2729693692808937,1.0741170166693303
0.9965416165481656,-0.08309516524785804,1.0,0.0,5.90146501422881,4.585344657328132,-0.2708442746750144,1.0317379889762723
0.9950595223403329,-0.09928014403609839,1.0,0.0,5.942426604904649,4.602040483176095,-0.2680504563078335,1.031012374538457
0.9930871380118425,-0.11737945440087783,1.0,0.0,5.9823171400285835,4.617838695584713,-0.2652597347608453,1.0575429688988696
0.991118607657312,-0.1329808465735998,1.0,0.0,6.022018437004156,4.635931153578169,-0.2638497129729359,1.131838498182835
0.988864050887212,-0.1488216679886816,1.0,0.0,6.062507873759261,4.652322412091771,-0.2614532665332372,1.2310465480162551
0.9862605325767851,-0.165197342234541,1.0,0.0,6.106970707173506,4.670952890465174,-0.26005537986906424,1.206151243709457
0.9834566029270131,-0.181143893519101,1.0,0.0,6.150936444734551,4.689232354849344,-0.25880403327861384,1.2245103499933143
0.9802843725233484,-0.19759187479880075,1.0,0.0,6.195633422918167,4.707396398035723,-0.25736840432196373,1.2732723936896726
0.9764395306909982,-0.21579120210041733,1.0,0.0,6.240470972238638,4.726302147124395,-0.25619199269487236,1.2937501365474113
0.9730413043595467,-0.23063091729053142,1.0,0.0,6.286891915660574,4.749010932706157,-0.25579332128936905,1.3300624768475242
0.9691011750574333,-0.2466635613589934,1.0,0.0,6.333668982213076,4.768116319852105,-0.25753751491236526,1.365850764173575
0.9645046047082829,-0.2640660286680567,1.0,0.0,6.378938084267977,4.786200414337277,-0.2614556787735767,1.3595866451026897
0.9604755570306117,-0.27836433741903094,1.0,0.0,6.424687604258862,4.80919989699958,-0.2658280820914351,1.3086940435937726
0.9554534779152102,-0.2951417482155465,1.0,0.0,6.466888954524746,4.829415048801358,-0.27150506082120424,1.319105355953342
0.9507106979181822,-0.3100792944779172,1.0,0.0,6.509354633279834,4.85211316434348,-0.2762580899494695,1.2973849676326317
0.9450956486847641,-0.32679384149204055,1.0,0.0,6.551600856848176,4.875109468083752,-0.2809371105956182,1.2545292198817513
0.9397068145525743,-0.3419811437542336,1.0,0.0,6.591946912823939,4.900547331053694,-0.2869936208980469,1.2584167724591704
0.9335520558852939,-0.35844184877374613,1.0,0.0,6.629107464878206,4.925037384500221,-0.29400207993042277,1.2292193299129375
0.9272203258448896,-0.3745163111802967,1.0,0.0,6.665210623123032,4.949660070514483,-0.29986472464450126,1.164269767945274
0.9213016918867488,-0.388848547029064,1.0,0.0,6.701399684817341,4.976087136339792,-0.30566228126054257,1.137452326511826
0.9152344647608637,-0.40292167292650727,1.0,0.0,6.738474369951829,5.003322393500306,-0.31049278610215825,1.0839873192419318
0.9083222650487089,-0.41827103989731695,1.0,0.0,6.774565847525679,5.029785366047085,-0.3140566137539309,0.9719617089596422
0.9013773392842644,-0.43303451620490957,1.0,0.0,6.810114569354409,5.0565987889269355,-0.3170639800100276,0.8665014598798705
0.8936326942047909,-0.44879907291380056,1.0,0.0,6.8444827792729726,5.080144123372596,-0.3178988574373706,0.7578855608677342
0.8856289159581939,-0.46439360807262864,1.0,0.0,6.878847235517289,5.107174411470047,-0.3193718717546121,0.4310245131052956
0.877985205329144,-0.478687767989888,1.0,0.0,6.913366214312231,5.132286356014047,-0.3197900867960991,0.2588272306408556
0.8696853440844536,-0.4936065257720015,1.0,0.0,6.9461580580373,5.155265544630611,-0.3204582823915753,0.1257657810024983
0.8615487923583252,-0.507674776196249,1.0,0.0,6.9804420667478855,5.180056059458122,-0.3230777392898123,-0.043795507008629345
0.8525021498054816,-0.5227237172513145,1.0,0.0,7.01254147735385,5.202710126743197,-0.32644246688304873,-0.12768795123480128
0.8438536790014738,-0.5365733579257151,1.0,0.0,7.042695282103954,5.224711729980195,-0.3296977504539966,-0.23218769668637546
0.8352779899024881,-0.5498278635941061,1.0,0.0,7.0698850762648755,5.245257161119073,-0.3329440615988545,-0.4003495644332421
0.8258521043388621,-0.5638867809756433,1.0,0.0,7.092519673075745,5.263702601101821,-0.33456293089253913,-0.49729877978390086
0.816273771077411,-0.5776652409926206,1.0,0.0,7.114147503715968,5.2821535371058745,-0.3347281189674599,-0.6226873281332733
0.8070535318418549,-0.5904782779591372,1.0,0.0,7.137333464594533,5.30015282355644,-0.3343997573925971,-0.7589135684230308
0.7970707298597797,-0.6038859591022118,1.0,0.0,7.161565898750055,5.315684098489645,-0.333622422136012,-0.9247336192462552
0.7864017353978259,-0.6177153960872983,1.0,0.0,7.184065116790159,5.328406968919846,-0.3315705561506465,-1.1048989703591943
0.7765022444479499,-0.6301144851273427,1.0,0.0,7.203760371313879,5.343190672767255,-0.3308636012564752,-1.154911228488822
0.765563991985583,-0.6433597548612271,1.0,0.0,7.218916186729192,5.356142279645299,-0.3301947569067937,-1.1942375571088264
0.7545553763369219,-0.656236378175613,1.0,0.0,7.2321558476524626,5.368601480848883,-0.33014347200049604,-1.2357800098822136
0.7435123884922425,-0.6687221606605845,1.0,0.0,7.245119200308426,5.380293889625962,-0.33078114856757773,-1.2900058319827616
0.7329791907074277,-0.6802510609987201,1.0,0.0,7.2579783109079585,5.391403623644422,-0.3310175138572442,-1.3660794534546645
0.7203642876855526,-0.693595914800027,1.0,0.0,7.2681027018692905,5.39867951640851,-0.33094414957936713,-1.4371112572854148
0.7090447149540424,-0.7051635216003027,1.0,0.0,7.277453823235746,5.407170835131678,-0.33036251252769766,-1.5231898244536102
0.6973361736281897,-0.716744208870637,1.0,0.0,7.2826818115473495,5.416754685323042,-0.32868543784600235,-1.6634483406238076
0.6852917205653155,-0.728268671387579,1.0,0.0,7.287231155194414,5.425795197089497,-0.3289758538545466,-1.7644755068474167
0.6726411160145864,-0.7399688703226992,1.0,0.0,7.290392056034688,5.434152223959758,-0.32865923613169706,-1.8940163072746095
0.6608369708082223,-0.7505294784437269,1.0,0.0,7.292207920161092,5.441123515643645,-0.3276940195913398,-1.9510026681301973
0.646701437739873,-0.762743240170099,1.0,0.0,7.288021928723134,5.445734915751498,-0.32611794839886765,-1.989613004584171
0.6346213777468602,-0.7728232054659572,1.0,0.0,7.285409524348344,5.45375406539302,-0.3261904795483688,-2.038758147054436
0.6223973838036906,-0.7827014096284236,1.0,0.0,7.284046281337416,5.464170395011603,-0.32882675616413487,-2.095504929046221
